ID,Plant,Leaf,Timestamp,leaf_area_(mm²),leaf_dry_mass_(mg),SLA_(mm²/mg),elevation,mean_temp,mean_precip,mean_VPD
OV1A,1,A,2/4/24 9:28,47.58,3.024,15.73412698,2499,15.36111111,156.7434,23.72717
OV1B,1,B,2/4/24 9:30,77.93,3.817,20.41655751,2499,15.36111111,156.7434,23.72717
OV1C,1,C,2/4/24 9:32,84.08,3.585,23.45327755,2499,15.36111111,156.7434,23.72717
OV2A,2,A,2/4/24 9:34,54.06,2.414,22.3943662,2499,15.36111111,156.7434,23.72717
OV2B,2,B,2/4/24 9:37,64.36,2.822,22.8065202,2499,15.36111111,156.7434,23.72717
OV2C,2,C,2/4/24 9:39,74.5,2.849,26.14952615,2499,15.36111111,156.7434,23.72717
OV3A,3,A,2/4/24 9:41,49.03,1.878,26.10756124,2499,15.36111111,156.7434,23.72717
OV3B,3,B,2/4/24 9:42,48.29,2.188,22.07038391,2499,15.36111111,156.7434,23.72717
OV3C,3,C,2/4/24 9:43,43.67,1.954,22.34902764,2499,15.36111111,156.7434,23.72717
OV4A,4,A,2/4/24 9:45,24.27,1.192,20.36073826,2499,15.36111111,156.7434,23.72717
OV4B,4,B,2/4/24 9:47,28.26,1.324,21.34441088,2499,15.36111111,156.7434,23.72717
OV4C,4,C,2/4/24 9:48,45.97,2.075,22.15421687,2499,15.36111111,156.7434,23.72717
OV5A,5,A,2/4/24 9:54,42.33,1.795,23.5821727,2499,15.36111111,156.7434,23.72717
OV5B,5,A,2/4/24 9:55,53.57,2.101,25.4973822,2499,15.36111111,156.7434,23.72717
OV5C,5,B,2/4/24 9:56,47.99,1.97,24.36040609,2499,15.36111111,156.7434,23.72717
OV6A,6,C,2/4/24 9:57,50.22,2.292,21.91099476,2499,15.36111111,156.7434,23.72717
OV6B,6,A,2/4/24 9:58,71.37,2.964,24.07894737,2499,15.36111111,156.7434,23.72717
OV6C,6,B,2/4/24 9:59,78.19,3.52,22.21306818,2499,15.36111111,156.7434,23.72717
OV7A,7,C,2/4/24 10:01,58.22,2.536,22.95741325,2499,15.36111111,156.7434,23.72717
OV7B,7,A,2/4/24 10:03,49.19,2.169,22.67865376,2499,15.36111111,156.7434,23.72717
OV7C,7,B,2/4/24 10:04,78.62,3.312,23.73792271,2499,15.36111111,156.7434,23.72717
OV8A,8,C,2/4/24 10:08,24.7,1.296,19.05864198,2499,15.36111111,156.7434,23.72717
OV8B,8,A,2/4/24 10:09,33.86,1.755,19.29344729,2499,15.36111111,156.7434,23.72717
OV8C,8,B,2/4/24 10:10,41.93,1.869,22.43445693,2499,15.36111111,156.7434,23.72717
OV9A,9,C,2/4/24 10:15,55.31,1.95,28.36410256,2499,15.36111111,156.7434,23.72717
OV9B,9,A,2/4/24 10:16,63.24,2.84,22.26760563,2499,15.36111111,156.7434,23.72717
OV9C,9,A,2/4/24 10:18,41.37,1.699,24.34961742,2499,15.36111111,156.7434,23.72717
OV10A,10,B,2/4/24 10:20,47.37,2.414,19.62303231,2499,15.36111111,156.7434,23.72717
OV10B,10,C,2/4/24 10:21,39.73,2.125,18.69647059,2499,15.36111111,156.7434,23.72717
OV10C,10,A,2/4/24 10:22,25.69,1.337,19.21465969,2499,15.36111111,156.7434,23.72717
OV11A,11,B,2/4/24 10:25,50.18,2.247,22.33199822,2499,15.36111111,156.7434,23.72717
OV11B,11,C,2/4/24 10:26,58.58,2.712,21.60029499,2499,15.36111111,156.7434,23.72717
OV11C,11,A,2/4/24 10:28,57.29,2.395,23.92066806,2499,15.36111111,156.7434,23.72717
OV12A,12,B,2/4/24 10:30,34.78,1.579,22.02659911,2499,15.36111111,156.7434,23.72717
OV12B,12,C,2/4/24 10:32,52.7,2.264,23.27738516,2499,15.36111111,156.7434,23.72717
OV12C,12,A,2/4/24 10:33,47.81,2.122,22.53063148,2499,15.36111111,156.7434,23.72717
OV13A,13,B,2/4/24 10:42,30.55,1.61,18.97515528,2499,15.36111111,156.7434,23.72717
OV13B,13,C,2/4/24 10:43,29.37,1.517,19.36058009,2499,15.36111111,156.7434,23.72717
OV13C,13,A,2/4/24 10:44,29.27,1.465,19.97952218,2499,15.36111111,156.7434,23.72717
OV14A,14,A,2/4/24 10:51,28.77,1.537,18.71828237,2499,15.36111111,156.7434,23.72717
OV14B,14,B,2/4/24 10:52,35.57,1.475,24.11525424,2499,15.36111111,156.7434,23.72717
OV14C,14,C,2/4/24 10:53,37.39,1.573,23.7698665,2499,15.36111111,156.7434,23.72717
OV15A,15,A,2/4/24 10:54,60.22,2.63,22.8973384,2499,15.36111111,156.7434,23.72717
OV15B,15,B,2/4/24 10:55,68.92,2.622,26.28527841,2499,15.36111111,156.7434,23.72717
OV15C,15,C,2/4/24 10:56,57.24,2.21,25.90045249,2499,15.36111111,156.7434,23.72717
OV16A,16,A,2/4/24 11:04,27.33,1.206,22.66169154,2499,15.36111111,156.7434,23.72717
OV16B,16,B,2/4/24 11:05,51.09,2.18,23.43577982,2499,15.36111111,156.7434,23.72717
OV16C,16,C,2/4/24 11:06,42.01,1.686,24.91696323,2499,15.36111111,156.7434,23.72717
OV17A,17,A,2/4/24 11:07,31.48,1.733,18.16503174,2499,15.36111111,156.7434,23.72717
OV17B,17,B,2/4/24 11:08,54.89,2.655,20.67419962,2499,15.36111111,156.7434,23.72717
OV17C,17,C,2/4/24 11:09,39.96,1.955,20.4398977,2499,15.36111111,156.7434,23.72717
OV18A,18,A,2/4/24 11:10,44.38,1.974,22.4822695,2499,15.36111111,156.7434,23.72717
OV18B,18,A,2/4/24 11:10,49.67,1.856,26.76185345,2499,15.36111111,156.7434,23.72717
OV18C,18,B,2/4/24 11:12,48.42,2.257,21.45325654,2499,15.36111111,156.7434,23.72717
OV19A,19,C,2/4/24 11:12,46.1,2.196,20.99271403,2499,15.36111111,156.7434,23.72717
OV19B,19,A,2/4/24 11:14,17.85,0.936,19.07051282,2499,15.36111111,156.7434,23.72717
OV19C,19,B,2/4/24 11:15,18.55,0.937,19.79722519,2499,15.36111111,156.7434,23.72717
OV20A,20,C,2/4/24 11:16,43.68,1.863,23.44605475,2499,15.36111111,156.7434,23.72717
OV20B,20,A,2/4/24 11:17,54.45,2.146,25.37278658,2499,15.36111111,156.7434,23.72717
OV20C,20,B,2/4/24 11:18,66.79,2.937,22.74089207,2499,15.36111111,156.7434,23.72717
OV21A,21,C,2/4/24 11:27,35.77,1.797,19.90539789,2499,15.36111111,156.7434,23.72717
OV21B,21,A,2/4/24 11:28,31.56,1.509,20.91451292,2499,15.36111111,156.7434,23.72717
OV21C,21,B,2/4/24 11:29,43.09,1.775,24.27605634,2499,15.36111111,156.7434,23.72717
OV22A,22,C,2/4/24 11:30,34.63,1.806,19.17497231,2499,15.36111111,156.7434,23.72717
OV22B,22,A,2/4/24 11:31,30.08,1.406,21.3940256,2499,15.36111111,156.7434,23.72717
OV22C,22,A,2/4/24 11:32,41.35,1.99,20.77889447,2499,15.36111111,156.7434,23.72717
OV23A,23,B,2/4/24 11:33,60.79,2.342,25.95644748,2499,15.36111111,156.7434,23.72717
OV23B,23,C,2/4/24 11:34,56.04,2.284,24.53590193,2499,15.36111111,156.7434,23.72717
OV23C,23,A,2/4/24 11:35,59.72,2.679,22.29189996,2499,15.36111111,156.7434,23.72717
OV24A,24,B,2/4/24 11:36,67.57,2.406,28.08395677,2499,15.36111111,156.7434,23.72717
OV24B,24,C,2/4/24 11:36,55.05,2.165,25.42725173,2499,15.36111111,156.7434,23.72717
OV24C,24,A,2/4/24 11:37,51.64,2.1,24.59047619,2499,15.36111111,156.7434,23.72717
OV25A,25,B,2/4/24 11:38,50.59,2.283,22.15943933,2499,15.36111111,156.7434,23.72717
OV25B,25,C,2/4/24 11:39,39.92,1.676,23.81861575,2499,15.36111111,156.7434,23.72717
OV25C,25,A,2/4/24 11:40,38.95,1.589,24.51227187,2499,15.36111111,156.7434,23.72717
OV26A,26,B,2/4/24 11:50,90.23,4.427,20.38174836,2499,15.36111111,156.7434,23.72717
OV26B,26,C,2/4/24 11:51,97.13,4.761,20.40117622,2499,15.36111111,156.7434,23.72717
OV26C,26,A,2/4/24 11:52,39.94,1.897,21.05429626,2499,15.36111111,156.7434,23.72717
OV27A,27,A,2/4/24 11:52,37.6,2.269,16.57117673,2499,15.36111111,156.7434,23.72717
OV27B,27,B,2/4/24 11:53,48.24,2.511,19.21146953,2499,15.36111111,156.7434,23.72717
OV27C,27,C,2/4/24 11:54,37,1.858,19.9138859,2499,15.36111111,156.7434,23.72717
OV28A,28,A,2/4/24 11:55,39.2,2.046,19.15933529,2499,15.36111111,156.7434,23.72717
OV28B,28,B,2/4/24 11:55,33.76,1.931,17.48316934,2499,15.36111111,156.7434,23.72717
OV28C,28,C,2/4/24 11:56,43.19,2.621,16.47844334,2499,15.36111111,156.7434,23.72717
OV29A,29,A,2/4/24 11:57,31.45,2.304,13.65017361,2499,15.36111111,156.7434,23.72717
OV29B,29,B,2/4/24 11:58,31.35,2.048,15.30761719,2499,15.36111111,156.7434,23.72717
OV29C,29,C,2/4/24 11:58,37.83,2.469,15.32199271,2499,15.36111111,156.7434,23.72717
OV30A,30,A,2/4/24 12:00,32.12,2.094,15.33906399,2499,15.36111111,156.7434,23.72717
OV30B,30,B,2/4/24 12:01,28.72,1.863,15.41599571,2499,15.36111111,156.7434,23.72717
OV30C,30,C,2/4/24 12:01,33.42,1.84,18.16304348,2499,15.36111111,156.7434,23.72717
BM1A,1,A,2/4/24 15:58,31.64,1.781,17.76530039,2778,15.16851667,125.3236,23.12017
BM1B,1,B,2/4/24 15:59,40.41,2.431,16.62278898,2778,15.16851667,125.3236,23.12017
BM1C,1,C,2/4/24 16:00,35.89,1.822,19.69813392,2778,15.16851667,125.3236,23.12017
BM2A,2,A,2/4/24 16:00,39.91,2.805,14.22816399,2778,15.16851667,125.3236,23.12017
BM2B,2,B,2/4/24 16:01,39.52,2.664,14.83483483,2778,15.16851667,125.3236,23.12017
BM2C,2,C,2/4/24 16:02,38.23,2.516,15.19475358,2778,15.16851667,125.3236,23.12017
BM3A,3,A,2/4/24 16:03,25.69,1.746,14.71363116,2778,15.16851667,125.3236,23.12017
BM3B,3,B,2/4/24 16:04,26.53,2.05,12.94146341,2778,15.16851667,125.3236,23.12017
BM3C,3,C,2/4/24 16:05,23.94,1.692,14.14893617,2778,15.16851667,125.3236,23.12017
BM4A,4,A,2/4/24 16:06,19.37,1.782,10.8698092,2778,15.16851667,125.3236,23.12017
BM4B,4,B,2/4/24 16:07,26.45,1.813,14.58907887,2778,15.16851667,125.3236,23.12017
BM4C,4,C,2/4/24 16:08,23.23,1.653,14.05323654,2778,15.16851667,125.3236,23.12017
BM5A,5,A,2/4/24 16:09,19.39,1.098,17.65938069,2778,15.16851667,125.3236,23.12017
BM5B,5,A,2/4/24 16:10,18.77,1.227,15.29747351,2778,15.16851667,125.3236,23.12017
BM5C,5,B,2/4/24 16:11,19.8,1.325,14.94339623,2778,15.16851667,125.3236,23.12017
BM6A,6,C,2/4/24 16:12,23.27,1.521,15.2991453,2778,15.16851667,125.3236,23.12017
BM6B,6,A,2/4/24 16:12,13.79,1.189,11.5979815,2778,15.16851667,125.3236,23.12017
BM6C,6,B,2/4/24 16:13,20.41,1.541,13.24464633,2778,15.16851667,125.3236,23.12017
BM7A,7,C,2/4/24 16:18,31.07,1.978,15.70778564,2778,15.16851667,125.3236,23.12017
BM7B,7,A,2/4/24 16:18,23.94,1.456,16.44230769,2778,15.16851667,125.3236,23.12017
BM7C,7,B,2/4/24 16:19,23.35,1.36,17.16911765,2778,15.16851667,125.3236,23.12017
BM8A,8,C,2/4/24 16:20,31.94,1.633,19.55909369,2778,15.16851667,125.3236,23.12017
BM8B,8,A,2/4/24 16:21,24.88,1.258,19.77742448,2778,15.16851667,125.3236,23.12017
BM8C,8,B,2/4/24 16:22,29.87,1.497,19.95323981,2778,15.16851667,125.3236,23.12017
BM9A,9,C,2/4/24 16:23,21.8,1.132,19.25795053,2778,15.16851667,125.3236,23.12017
BM9B,9,A,2/4/24 16:23,23.87,1.312,18.19359756,2778,15.16851667,125.3236,23.12017
BM9C,9,A,2/4/24 16:24,19.45,1.068,18.21161049,2778,15.16851667,125.3236,23.12017
BM10A,10,B,2/4/24 16:25,37.34,2.577,14.48971672,2778,15.16851667,125.3236,23.12017
BM10B,10,C,2/4/24 16:26,40.23,2.34,17.19230769,2778,15.16851667,125.3236,23.12017
BM10C,10,A,2/4/24 16:26,33.62,2.024,16.61067194,2778,15.16851667,125.3236,23.12017
BM11A,11,B,2/4/24 16:28,34.01,2.311,14.71657291,2778,15.16851667,125.3236,23.12017
BM11B,11,C,2/4/24 16:28,28.53,1.928,14.79771784,2778,15.16851667,125.3236,23.12017
BM11C,11,A,2/4/24 16:29,33.09,2.342,14.12894962,2778,15.16851667,125.3236,23.12017
BM12A,12,B,2/4/24 16:30,35.06,2.564,13.67394696,2778,15.16851667,125.3236,23.12017
BM12B,12,C,2/4/24 16:31,41.25,2.671,15.44365406,2778,15.16851667,125.3236,23.12017
BM12C,12,A,2/4/24 16:32,47.76,2.961,16.12968592,2778,15.16851667,125.3236,23.12017
BM13A,13,B,2/4/24 16:38,25.51,1.684,15.14845606,2778,15.16851667,125.3236,23.12017
BM13B,13,C,2/4/24 16:38,26.76,1.565,17.09904153,2778,15.16851667,125.3236,23.12017
BM13C,13,A,2/4/24 16:40,26.61,1.711,15.55230859,2778,15.16851667,125.3236,23.12017
BM14A,14,A,2/4/24 16:41,29.26,2.146,13.63466915,2778,15.16851667,125.3236,23.12017
BM14B,14,B,2/4/24 16:42,29.27,2.052,14.26413255,2778,15.16851667,125.3236,23.12017
BM14C,14,C,2/4/24 16:43,20.18,1.68,12.01190476,2778,15.16851667,125.3236,23.12017
BM15A,15,A,2/4/24 16:44,19.34,1.283,15.07404521,2778,15.16851667,125.3236,23.12017
BM15B,15,B,2/4/24 16:44,20.09,1.306,15.38284839,2778,15.16851667,125.3236,23.12017
BM15C,15,C,2/4/24 16:45,12.5,0.937,13.34044824,2778,15.16851667,125.3236,23.12017
BM16A,16,A,2/4/24 16:46,16.26,1.319,12.32752085,2778,15.16851667,125.3236,23.12017
BM16B,16,B,2/4/24 16:47,14.91,1.494,9.979919679,2778,15.16851667,125.3236,23.12017
BM16C,16,C,2/4/24 16:48,22.57,1.878,12.01810437,2778,15.16851667,125.3236,23.12017
BM17A,17,A,2/4/24 16:49,21.72,2.051,10.58995612,2778,15.16851667,125.3236,23.12017
BM17B,17,B,2/4/24 16:50,20.97,1.984,10.56955645,2778,15.16851667,125.3236,23.12017
BM17C,17,C,2/4/24 16:50,21.48,1.892,11.35306554,2778,15.16851667,125.3236,23.12017
BM18A,18,A,2/4/24 16:51,27.8,2.323,11.96728368,2778,15.16851667,125.3236,23.12017
BM18B,18,A,2/4/24 16:52,31.6,2.474,12.77283751,2778,15.16851667,125.3236,23.12017
BM18C,18,B,2/4/24 16:53,28.9,2.224,12.99460432,2778,15.16851667,125.3236,23.12017
BM19A,19,C,2/4/24 16:57,25.36,1.971,12.8665652,2778,15.16851667,125.3236,23.12017
BM19B,19,A,2/4/24 16:58,24.07,2.026,11.88055281,2778,15.16851667,125.3236,23.12017
BM19C,19,B,2/4/24 16:59,20.43,1.962,10.41284404,2778,15.16851667,125.3236,23.12017
BM20A,20,C,2/4/24 17:00,25.7,1.812,14.18322296,2778,15.16851667,125.3236,23.12017
BM20B,20,A,2/4/24 17:01,26.78,1.711,15.65166569,2778,15.16851667,125.3236,23.12017
BM20C,20,B,2/4/24 17:02,17.47,1.576,11.08502538,2778,15.16851667,125.3236,23.12017
BM21A,21,C,2/4/24 17:02,34.73,3.008,11.54587766,2778,15.16851667,125.3236,23.12017
BM21B,21,A,2/4/24 17:03,22.48,1.862,12.07303974,2778,15.16851667,125.3236,23.12017
BM21C,21,B,2/4/24 17:04,22.8,2.013,11.32637854,2778,15.16851667,125.3236,23.12017
BM22A,22,C,2/4/24 17:05,25.65,1.696,15.12382075,2778,15.16851667,125.3236,23.12017
BM22B,22,A,2/4/24 17:06,31.19,2.09,14.92344498,2778,15.16851667,125.3236,23.12017
BM22C,22,A,2/4/24 17:07,30.44,1.94,15.69072165,2778,15.16851667,125.3236,23.12017
BM23A,23,B,2/4/24 17:08,47.6,2.604,18.27956989,2778,15.16851667,125.3236,23.12017
BM23B,23,C,2/4/24 17:09,41.05,2.263,18.13963765,2778,15.16851667,125.3236,23.12017
BM23C,23,A,2/4/24 17:10,44.43,2.203,20.16795279,2778,15.16851667,125.3236,23.12017
BM24A,24,B,2/4/24 17:13,35.83,2.717,13.18733898,2778,15.16851667,125.3236,23.12017
BM24B,24,C,2/4/24 17:13,33.23,2.451,13.55773154,2778,15.16851667,125.3236,23.12017
BM24C,24,A,2/4/24 17:14,33.97,2.745,12.37522769,2778,15.16851667,125.3236,23.12017
BM25A,25,B,2/4/24 17:18,36.47,2.437,14.96512105,2778,15.16851667,125.3236,23.12017
BM25B,25,C,2/4/24 17:19,33.59,2.285,14.70021882,2778,15.16851667,125.3236,23.12017
BM25C,25,A,2/4/24 17:20,36.83,2.57,14.3307393,2778,15.16851667,125.3236,23.12017
BM26A,26,B,2/4/24 17:21,23.37,1.814,12.8831312,2778,15.16851667,125.3236,23.12017
BM26B,26,C,2/4/24 17:22,27.4,1.97,13.90862944,2778,15.16851667,125.3236,23.12017
BM26C,26,A,2/4/24 17:23,13.82,0.641,21.5600624,2778,15.16851667,125.3236,23.12017
BM27A,27,A,2/4/24 17:25,23.99,1.937,12.38513165,2778,15.16851667,125.3236,23.12017
BM27B,27,B,2/4/24 17:26,34.41,2.431,14.15466886,2778,15.16851667,125.3236,23.12017
BM27C,27,C,2/4/24 17:27,28.97,2.342,12.36976943,2778,15.16851667,125.3236,23.12017
BM28A,28,A,2/4/24 17:28,39.22,2.712,14.46165192,2778,15.16851667,125.3236,23.12017
BM28B,28,B,2/4/24 17:28,39.23,2.494,15.7297514,2778,15.16851667,125.3236,23.12017
BM28C,28,C,2/4/24 17:29,41.4,2.993,13.83227531,2778,15.16851667,125.3236,23.12017
BM29A,29,A,2/4/24 17:30,37,2.562,14.44184231,2778,15.16851667,125.3236,23.12017
BM29B,29,B,2/4/24 17:31,38.93,2.798,13.91350965,2778,15.16851667,125.3236,23.12017
BM29C,29,C,2/4/24 17:32,33.04,2.193,15.06611947,2778,15.16851667,125.3236,23.12017
BM30A,30,A,2/4/24 17:32,40.88,2.718,15.04047093,2778,15.16851667,125.3236,23.12017
BM30B,30,B,2/4/24 17:33,32.55,2.411,13.50062215,2778,15.16851667,125.3236,23.12017
BM30C,30,C,2/4/24 17:34,16.6,1.291,12.85824942,2778,15.16851667,125.3236,23.12017
TA1A,1,A,2/10/24 13:19,13.76,0.834,16.49880096,2724,14.18703889,166.2684,20.71733
TA1B,1,B,2/10/24 13:20,10.91,0.556,19.62230216,2724,14.18703889,166.2684,20.71733
TA1C,1,C,2/10/24 13:21,8.45,0.498,16.96787149,2724,14.18703889,166.2684,20.71733
TA2A,2,A,2/10/24 13:22,15.69,0.886,17.70880361,2724,14.18703889,166.2684,20.71733
TA2B,2,B,2/10/24 13:23,16.41,0.998,16.44288577,2724,14.18703889,166.2684,20.71733
TA2C,2,C,2/10/24 13:25,13.14,0.803,16.36363636,2724,14.18703889,166.2684,20.71733
TA3A,3,A,2/10/24 13:26,12.2,0.755,16.1589404,2724,14.18703889,166.2684,20.71733
TA3B,3,B,2/10/24 13:27,11.56,0.755,15.31125828,2724,14.18703889,166.2684,20.71733
TA3C,3,C,2/10/24 13:28,11.27,0.75,15.02666667,2724,14.18703889,166.2684,20.71733
TA4A,4,A,2/10/24 13:29,20.38,0.964,21.14107884,2724,14.18703889,166.2684,20.71733
TA4B,4,B,2/10/24 13:30,9.44,0.506,18.65612648,2724,14.18703889,166.2684,20.71733
TA5A,5,A,2/10/24 13:31,25.97,1.292,20.1006192,2724,14.18703889,166.2684,20.71733
TA5B,5,B,2/10/24 13:32,22.13,1.242,17.81803543,2724,14.18703889,166.2684,20.71733
TA5C,5,C,2/10/24 13:33,20.19,0.827,24.41354293,2724,14.18703889,166.2684,20.71733
TA6A,6,A,2/10/24 13:34,20.03,1.609,12.44872592,2724,14.18703889,166.2684,20.71733
TA6B,6,B,2/10/24 13:35,18.95,1.352,14.01627219,2724,14.18703889,166.2684,20.71733
TA6C,6,C,2/10/24 13:36,15.48,0.985,15.71573604,2724,14.18703889,166.2684,20.71733
TA7A,7,A,2/10/24 13:37,16.52,0.844,19.57345972,2724,14.18703889,166.2684,20.71733
TA7B,7,B,2/10/24 13:38,9,0.561,16.04278075,2724,14.18703889,166.2684,20.71733
TA7C,7,C,2/10/24 13:39,12.18,0.633,19.24170616,2724,14.18703889,166.2684,20.71733
TA8A,8,A,2/10/24 13:40,13.17,0.627,21.00478469,2724,14.18703889,166.2684,20.71733
TA8B,8,B,2/10/24 13:42,16.56,0.58,28.55172414,2724,14.18703889,166.2684,20.71733
TA8C,8,C,2/10/24 13:43,12.39,0.563,22.0071048,2724,14.18703889,166.2684,20.71733
TA9A,9,A,2/10/24 13:44,12.96,0.637,20.34536892,2724,14.18703889,166.2684,20.71733
TA9B,9,B,2/10/24 13:45,14.36,0.626,22.93929712,2724,14.18703889,166.2684,20.71733
TA9C,9,C,2/10/24 13:46,12.34,0.665,18.55639098,2724,14.18703889,166.2684,20.71733
TA10A,10,A,2/10/24 13:48,21.83,1.178,18.53140917,2724,14.18703889,166.2684,20.71733
TA10B,10,B,2/10/24 13:49,19.31,1.06,18.21698113,2724,14.18703889,166.2684,20.71733
TA10C,10,C,2/10/24 13:50,14.47,0.764,18.93979058,2724,14.18703889,166.2684,20.71733
TA11A,11,A,2/10/24 13:50,37.32,1.733,21.53491056,2724,14.18703889,166.2684,20.71733
TA11B,11,B,2/10/24 13:51,24.27,1.245,19.4939759,2724,14.18703889,166.2684,20.71733
TA11C,11,C,2/10/24 13:52,30.52,1.683,18.13428402,2724,14.18703889,166.2684,20.71733
TA12A,12,A,2/10/24 13:53,31.21,1.658,18.8238842,2724,14.18703889,166.2684,20.71733
TA12B,12,B,2/10/24 13:56,23.17,1.329,17.43416102,2724,14.18703889,166.2684,20.71733
TA13A,13,A,2/10/24 13:59,16.94,1,16.94,2724,14.18703889,166.2684,20.71733
TA13B,13,B,2/10/24 14:00,17.97,0.795,22.60377358,2724,14.18703889,166.2684,20.71733
TA13C,13,C,2/10/24 14:01,14.91,0.75,19.88,2724,14.18703889,166.2684,20.71733
TA14A,14,A,2/10/24 14:04,26.08,1.237,21.08326597,2724,14.18703889,166.2684,20.71733
TA14B,14,B,2/10/24 14:05,17.67,0.694,25.4610951,2724,14.18703889,166.2684,20.71733
TA14C,14,C,2/10/24 14:08,14.27,0.567,25.1675485,2724,14.18703889,166.2684,20.71733
TA15A,15,A,2/10/24 14:09,17.62,0.908,19.40528634,2724,14.18703889,166.2684,20.71733
TA15B,15,B,2/10/24 14:10,21.14,1.052,20.09505703,2724,14.18703889,166.2684,20.71733
TA15C,15,C,2/10/24 14:10,15.49,0.734,21.10354223,2724,14.18703889,166.2684,20.71733
TA16A,16,A,2/10/24 14:11,44.49,2.162,20.57816836,2724,14.18703889,166.2684,20.71733
TA16B,16,B,2/10/24 14:12,23.5,1.253,18.75498803,2724,14.18703889,166.2684,20.71733
TA16C,16,C,2/10/24 14:13,29.37,1.388,21.15994236,2724,14.18703889,166.2684,20.71733
TA17A,17,A,2/10/24 14:14,30.57,1.942,15.7415036,2724,14.18703889,166.2684,20.71733
TA17B,17,B,2/10/24 14:15,39.97,2.826,14.14366596,2724,14.18703889,166.2684,20.71733
TA17C,17,C,2/10/24 14:15,29.44,1.793,16.41940881,2724,14.18703889,166.2684,20.71733
TA18A,18,A,2/10/24 14:23,14.16,0.614,23.06188925,2724,14.18703889,166.2684,20.71733
TA18B,18,B,2/10/24 14:24,12.51,0.568,22.02464789,2724,14.18703889,166.2684,20.71733
TA18C,18,C,2/10/24 14:25,9.16,0.407,22.50614251,2724,14.18703889,166.2684,20.71733
TA19A,19,A,2/10/24 14:26,20.15,1.164,17.31099656,2724,14.18703889,166.2684,20.71733
TA19B,19,B,2/10/24 14:27,23.67,1.142,20.7267951,2724,14.18703889,166.2684,20.71733
TA19C,19,C,2/10/24 14:28,18.39,0.943,19.50159067,2724,14.18703889,166.2684,20.71733
TA20A,20,A,2/10/24 14:29,13.38,0.692,19.33526012,2724,14.18703889,166.2684,20.71733
TA20B,20,B,2/10/24 14:30,16.72,0.935,17.88235294,2724,14.18703889,166.2684,20.71733
TA20C,20,C,2/10/24 14:31,9.71,0.448,21.67410714,2724,14.18703889,166.2684,20.71733
TA21A,21,A,2/10/24 15:01,10.64,0.699,15.22174535,2724,14.18703889,166.2684,20.71733
TA21B,21,B,2/10/24 15:02,6.74,0.456,14.78070175,2724,14.18703889,166.2684,20.71733
TA21C,21,C,2/10/24 15:03,11.26,0.745,15.11409396,2724,14.18703889,166.2684,20.71733
LP1A,1,A,2/11/24 8:45,36.37,1.42,25.61267606,1702,16.06851667,173.4058,23.41333
LP1B,1,B,2/11/24 8:46,34.44,1.247,27.61828388,1702,16.06851667,173.4058,23.41333
LP1C,1,C,2/11/24 8:47,35.11,1.364,25.74046921,1702,16.06851667,173.4058,23.41333
LP2A,2,A,2/11/24 8:48,21.39,1.173,18.23529412,1702,16.06851667,173.4058,23.41333
LP2B,2,B,2/11/24 8:49,18.45,1.01,18.26732673,1702,16.06851667,173.4058,23.41333
LP2C,2,C,2/11/24 8:50,16.38,0.865,18.93641618,1702,16.06851667,173.4058,23.41333
LP3A,3,A,2/11/24 8:52,20.21,0.842,24.0023753,1702,16.06851667,173.4058,23.41333
LP3B,3,B,2/11/24 8:52,14.99,0.857,17.49124854,1702,16.06851667,173.4058,23.41333
LP3C,3,C,2/11/24 8:53,19.91,1.137,17.51099384,1702,16.06851667,173.4058,23.41333
LP4A,4,A,2/11/24 8:54,16.67,0.96,17.36458333,1702,16.06851667,173.4058,23.41333
LP4B,4,B,2/11/24 8:55,11.51,0.639,18.01251956,1702,16.06851667,173.4058,23.41333
LP4C,4,C,2/11/24 8:56,17.04,0.917,18.5823337,1702,16.06851667,173.4058,23.41333
LP5A,5,A,2/11/24 8:57,31.12,1.763,17.65173001,1702,16.06851667,173.4058,23.41333
LP5B,5,A,2/11/24 8:58,24.28,1.457,16.66437886,1702,16.06851667,173.4058,23.41333
LP5C,5,B,2/11/24 8:59,26.16,1.336,19.58083832,1702,16.06851667,173.4058,23.41333
LP6A,6,C,2/11/24 9:00,33.72,1.195,28.21757322,1702,16.06851667,173.4058,23.41333
LP6B,6,A,2/11/24 9:01,29.88,0.981,30.4587156,1702,16.06851667,173.4058,23.41333
LP6C,6,B,2/11/24 9:02,25.12,0.914,27.48358862,1702,16.06851667,173.4058,23.41333
LP7A,7,C,2/11/24 9:08,15.63,1.044,14.97126437,1702,16.06851667,173.4058,23.41333
LP7B,7,A,2/11/24 9:09,16.17,1.038,15.57803468,1702,16.06851667,173.4058,23.41333
LP7C,7,B,2/11/24 9:10,17.59,1.064,16.53195489,1702,16.06851667,173.4058,23.41333
LP8A,8,C,2/11/24 9:11,35.8,1.741,20.56289489,1702,16.06851667,173.4058,23.41333
LP8B,8,A,2/11/24 9:12,27.67,1.228,22.53257329,1702,16.06851667,173.4058,23.41333
LP8C,8,B,2/11/24 9:13,27.45,1.47,18.67346939,1702,16.06851667,173.4058,23.41333
LP9A,9,C,2/11/24 9:15,61.82,3.01,20.53820598,1702,16.06851667,173.4058,23.41333
LP9B,9,A,2/11/24 9:16,56.03,2.731,20.5162944,1702,16.06851667,173.4058,23.41333
LP9C,9,A,2/11/24 9:17,52.83,2.265,23.32450331,1702,16.06851667,173.4058,23.41333
LP10A,10,B,2/11/24 9:18,44.67,2.157,20.7093185,1702,16.06851667,173.4058,23.41333
LP10B,10,C,2/11/24 9:19,51.04,2.451,20.82415341,1702,16.06851667,173.4058,23.41333
LP10C,10,A,2/11/24 9:20,46.2,2.313,19.97405966,1702,16.06851667,173.4058,23.41333
LP11A,11,B,2/11/24 9:21,41.21,1.84,22.39673913,1702,16.06851667,173.4058,23.41333
LP11B,11,C,2/11/24 9:22,37.45,1.725,21.71014493,1702,16.06851667,173.4058,23.41333
LP11C,11,A,2/11/24 9:23,39.35,1.901,20.69963177,1702,16.06851667,173.4058,23.41333
LP12A,12,B,2/11/24 9:30,45.5,2.443,18.62464183,1702,16.06851667,173.4058,23.41333
LP12B,12,C,2/11/24 9:31,43.95,2.184,20.12362637,1702,16.06851667,173.4058,23.41333
LP12C,12,A,2/11/24 9:33,44.24,2.389,18.51820846,1702,16.06851667,173.4058,23.41333
LP13A,13,B,2/11/24 9:34,26.6,1.148,23.17073171,1702,16.06851667,173.4058,23.41333
LP13B,13,C,2/11/24 9:35,17.89,0.861,20.77816492,1702,16.06851667,173.4058,23.41333
LP13C,13,A,2/11/24 9:36,17.09,0.767,22.28161669,1702,16.06851667,173.4058,23.41333
LP14A,14,A,2/11/24 9:37,21.45,0.731,29.34336525,1702,16.06851667,173.4058,23.41333
LP14B,14,B,2/11/24 9:39,29.74,1.253,23.73503591,1702,16.06851667,173.4058,23.41333
LP14C,14,C,2/11/24 9:40,27.71,1.152,24.05381944,1702,16.06851667,173.4058,23.41333
LP15A,15,A,2/11/24 9:41,61.06,2.978,20.50369375,1702,16.06851667,173.4058,23.41333
LP15B,15,B,2/11/24 9:42,44.53,2.313,19.25205361,1702,16.06851667,173.4058,23.41333
LP15C,15,C,2/11/24 9:43,45.1,2.191,20.58420812,1702,16.06851667,173.4058,23.41333
LP16A,16,A,2/11/24 9:44,25.46,1.401,18.17273376,1702,16.06851667,173.4058,23.41333
LP16B,16,B,2/11/24 9:45,36.6,1.807,20.25456558,1702,16.06851667,173.4058,23.41333
LP16C,16,C,2/11/24 9:46,32.45,1.519,21.36273864,1702,16.06851667,173.4058,23.41333
LP17A,17,A,2/11/24 9:47,27.4,1.452,18.87052342,1702,16.06851667,173.4058,23.41333
LP17B,17,B,2/11/24 9:49,30.78,1.66,18.54216867,1702,16.06851667,173.4058,23.41333
LP17C,17,C,2/11/24 9:50,23.58,1.38,17.08695652,1702,16.06851667,173.4058,23.41333
LP18A,18,A,2/11/24 9:51,17.29,0.743,23.2705249,1702,16.06851667,173.4058,23.41333
LP18B,18,A,2/11/24 9:52,25.11,1.197,20.97744361,1702,16.06851667,173.4058,23.41333
LP18C,18,B,2/11/24 9:53,19.37,0.897,21.5942029,1702,16.06851667,173.4058,23.41333
LP19A,19,C,2/11/24 9:54,22.13,0.961,23.02809573,1702,16.06851667,173.4058,23.41333
LP19B,19,A,2/11/24 9:55,20.4,0.946,21.56448203,1702,16.06851667,173.4058,23.41333
LP19C,19,B,2/11/24 9:56,17.92,0.726,24.68319559,1702,16.06851667,173.4058,23.41333
LP20A,20,C,2/11/24 9:57,18.93,0.845,22.40236686,1702,16.06851667,173.4058,23.41333
LP20B,20,A,2/11/24 9:58,20.69,1.05,19.7047619,1702,16.06851667,173.4058,23.41333
LP20C,20,B,2/11/24 9:59,19.18,0.865,22.1734104,1702,16.06851667,173.4058,23.41333
LP21A,21,C,2/11/24 10:05,23.3,1.479,15.75388776,1702,16.06851667,173.4058,23.41333
LP21B,21,A,2/11/24 10:06,18.67,1.243,15.02011263,1702,16.06851667,173.4058,23.41333
LP21C,21,B,2/11/24 10:07,17.23,1.115,15.4529148,1702,16.06851667,173.4058,23.41333
LP22A,22,C,2/11/24 10:08,18.9,1.1,17.18181818,1702,16.06851667,173.4058,23.41333
LP22B,22,A,2/11/24 10:10,15.83,1.078,14.68460111,1702,16.06851667,173.4058,23.41333
LP22C,22,A,2/11/24 10:10,16.22,0.954,17.00209644,1702,16.06851667,173.4058,23.41333
LP23A,23,B,2/11/24 10:11,37.79,2.364,15.9856176,1702,16.06851667,173.4058,23.41333
LP23B,23,C,2/11/24 10:12,35.53,2.393,14.84747179,1702,16.06851667,173.4058,23.41333
LP23C,23,A,2/11/24 10:13,35.46,2.188,16.20658135,1702,16.06851667,173.4058,23.41333
LP24A,24,B,2/11/24 10:14,38.58,1.73,22.30057803,1702,16.06851667,173.4058,23.41333
LP24B,24,C,2/11/24 10:15,31.76,1.387,22.89834174,1702,16.06851667,173.4058,23.41333
LP24C,24,A,2/11/24 10:16,31.81,1.201,26.48626145,1702,16.06851667,173.4058,23.41333
LP25A,25,B,2/11/24 10:18,53.47,2.147,24.90451793,1702,16.06851667,173.4058,23.41333
LP25B,25,C,2/11/24 10:19,39.81,1.58,25.19620253,1702,16.06851667,173.4058,23.41333
LP25C,25,A,2/11/24 10:20,24.7,1.255,19.6812749,1702,16.06851667,173.4058,23.41333
LP26A,26,B,2/11/24 10:27,37.79,1.862,20.29538131,1702,16.06851667,173.4058,23.41333
LP26B,26,C,2/11/24 10:28,31.7,1.456,21.77197802,1702,16.06851667,173.4058,23.41333
LP26C,26,A,2/11/24 10:29,27.86,1.356,20.54572271,1702,16.06851667,173.4058,23.41333
LP27A,27,A,2/11/24 10:30,26.74,1.445,18.50519031,1702,16.06851667,173.4058,23.41333
LP27B,27,B,2/11/24 10:31,21.59,1.009,21.39742319,1702,16.06851667,173.4058,23.41333
LP27C,27,C,2/11/24 10:32,23.74,1.12,21.19642857,1702,16.06851667,173.4058,23.41333
LP28A,28,A,2/11/24 10:33,41.39,2.064,20.05329457,1702,16.06851667,173.4058,23.41333
LP28B,28,B,2/11/24 10:34,33.05,1.803,18.33056018,1702,16.06851667,173.4058,23.41333
LP28C,28,C,2/11/24 10:35,28.3,1.296,21.83641975,1702,16.06851667,173.4058,23.41333
LP29A,29,A,2/11/24 10:36,33.91,1.913,17.72608468,1702,16.06851667,173.4058,23.41333
LP29B,29,B,2/11/24 10:37,40.33,2.301,17.5271621,1702,16.06851667,173.4058,23.41333
LP29C,29,C,2/11/24 10:38,35.61,1.976,18.02125506,1702,16.06851667,173.4058,23.41333
LP30A,30,A,2/11/24 10:39,41.87,2.888,14.49792244,1702,16.06851667,173.4058,23.41333
LP30B,30,B,2/11/24 10:39,46.43,2.61,17.78927203,1702,16.06851667,173.4058,23.41333
LP30C,30,C,2/11/24 10:40,37.18,2.403,15.47232626,1702,16.06851667,173.4058,23.41333
AJ1A,1,A,2/9/24 10:36,23.75,1.125,21.11111111,1974,17.66388889,97.8662,25.24067
AJ1B,1,B,2/9/24 10:37,29.72,1.302,22.82642089,1974,17.66388889,97.8662,25.24067
AJ1C,1,C,2/9/24 10:38,17.67,0.961,18.38709677,1974,17.66388889,97.8662,25.24067
AJ2A,2,A,2/9/24 10:40,22.59,1.518,14.88142292,1974,17.66388889,97.8662,25.24067
AJ2B,2,B,2/9/24 10:41,14.1,0.999,14.11411411,1974,17.66388889,97.8662,25.24067
AJ2C,2,C,2/9/24 10:42,15.46,0.724,21.35359116,1974,17.66388889,97.8662,25.24067
AJ3A,3,A,2/9/24 10:43,31.55,1.781,17.71476698,1974,17.66388889,97.8662,25.24067
AJ3B,3,B,2/9/24 10:44,22.09,1.52,14.53289474,1974,17.66388889,97.8662,25.24067
AJ3C,3,C,2/9/24 10:46,24.99,1.621,15.41640962,1974,17.66388889,97.8662,25.24067
AJ4A,4,A,2/9/24 10:47,18.8,0.923,20.36836403,1974,17.66388889,97.8662,25.24067
AJ4B,4,B,2/9/24 10:48,11.32,0.54,20.96296296,1974,17.66388889,97.8662,25.24067
AJ4C,4,C,2/9/24 10:48,16.38,0.707,23.16831683,1974,17.66388889,97.8662,25.24067
AJ5A,5,A,2/9/24 10:49,39.66,1.657,23.93482197,1974,17.66388889,97.8662,25.24067
AJ5B,5,A,2/9/24 10:50,34.87,1.447,24.09813407,1974,17.66388889,97.8662,25.24067
AJ5C,5,B,2/9/24 10:52,47.24,2.019,23.39772164,1974,17.66388889,97.8662,25.24067
AJ6A,6,C,2/9/24 10:53,16.81,1.118,15.03577818,1974,17.66388889,97.8662,25.24067
AJ6B,6,A,2/9/24 10:54,17.94,1.145,15.66812227,1974,17.66388889,97.8662,25.24067
AJ6C,6,B,2/9/24 10:56,7.61,0.657,11.58295282,1974,17.66388889,97.8662,25.24067
AJ7A,7,C,2/9/24 10:57,15.79,0.908,17.38986784,1974,17.66388889,97.8662,25.24067
AJ7B,7,A,2/9/24 10:58,19.7,1.178,16.72325976,1974,17.66388889,97.8662,25.24067
AJ7C,7,B,2/9/24 10:59,11.7,0.727,16.09353508,1974,17.66388889,97.8662,25.24067
AJ8A,8,C,2/9/24 11:00,17.82,1.081,16.48473636,1974,17.66388889,97.8662,25.24067
AJ8B,8,A,2/9/24 11:01,13.64,1.072,12.7238806,1974,17.66388889,97.8662,25.24067
AJ8C,8,B,2/9/24 11:02,16.08,1.261,12.7517843,1974,17.66388889,97.8662,25.24067
AJ9A,9,C,2/9/24 11:03,9.22,0.507,18.18540434,1974,17.66388889,97.8662,25.24067
AJ9B,9,A,2/9/24 11:04,11.51,0.554,20.77617329,1974,17.66388889,97.8662,25.24067
AJ9C,9,A,2/9/24 11:05,14.32,0.659,21.72989378,1974,17.66388889,97.8662,25.24067
AJ10A,10,B,2/9/24 11:07,18.36,1.192,15.40268456,1974,17.66388889,97.8662,25.24067
AJ10B,10,C,2/9/24 11:08,25.58,1.537,16.64281067,1974,17.66388889,97.8662,25.24067
AJ10C,10,A,2/9/24 11:09,16.84,1.111,15.15751575,1974,17.66388889,97.8662,25.24067
AJ11A,11,B,2/9/24 11:15,27.54,1.392,19.78448276,1974,17.66388889,97.8662,25.24067
AJ11B,11,C,2/9/24 11:16,20.67,1.208,17.11092715,1974,17.66388889,97.8662,25.24067
AJ11C,11,A,2/9/24 11:17,11.71,0.623,18.79614767,1974,17.66388889,97.8662,25.24067
AJ12A,12,B,2/9/24 11:18,19.3,0.913,21.13910186,1974,17.66388889,97.8662,25.24067
AJ12B,12,C,2/9/24 11:19,19.66,0.975,20.16410256,1974,17.66388889,97.8662,25.24067
AJ12C,12,A,2/9/24 11:20,22.48,1.138,19.75395431,1974,17.66388889,97.8662,25.24067
AJ13A,13,B,2/9/24 11:21,23.76,1.252,18.97763578,1974,17.66388889,97.8662,25.24067
AJ13B,13,C,2/9/24 11:22,20.44,1.184,17.26351351,1974,17.66388889,97.8662,25.24067
AJ13C,13,A,2/9/24 11:23,20.73,0.989,20.96056623,1974,17.66388889,97.8662,25.24067
AJ14A,14,A,2/9/24 11:24,22.65,1.08,20.97222222,1974,17.66388889,97.8662,25.24067
AJ14B,14,B,2/9/24 11:25,12.36,0.638,19.37304075,1974,17.66388889,97.8662,25.24067
AJ14C,14,C,2/9/24 11:26,20.1,0.812,24.75369458,1974,17.66388889,97.8662,25.24067
AJ15A,15,A,2/9/24 11:28,9.75,0.588,16.58163265,1974,17.66388889,97.8662,25.24067
AJ15B,15,B,2/9/24 11:29,18.15,1.061,17.1065033,1974,17.66388889,97.8662,25.24067
AJ15C,15,C,2/9/24 11:30,27.56,1.131,24.36781609,1974,17.66388889,97.8662,25.24067
AJ16A,16,A,2/9/24 11:31,12.32,0.776,15.87628866,1974,17.66388889,97.8662,25.24067
AJ16B,16,B,2/9/24 11:32,26.52,1.287,20.60606061,1974,17.66388889,97.8662,25.24067
AJ16C,16,C,2/9/24 11:33,12.01,0.648,18.53395062,1974,17.66388889,97.8662,25.24067
AJ17A,17,A,2/9/24 11:34,24.71,1.07,23.09345794,1974,17.66388889,97.8662,25.24067
AJ17B,17,B,2/9/24 11:35,11.66,0.723,16.12724758,1974,17.66388889,97.8662,25.24067
AJ17C,17,C,2/12/24 21:04,15.36,0.703,21.84921764,1974,17.66388889,97.8662,25.24067
AJ18A,18,A,2/12/24 21:05,15.04,0.619,24.29725363,1974,17.66388889,97.8662,25.24067
AJ18B,18,A,2/12/24 21:06,15.53,0.743,20.90174966,1974,17.66388889,97.8662,25.24067
AJ18C,18,B,2/12/24 21:07,17.2,0.862,19.95359629,1974,17.66388889,97.8662,25.24067
AJ19A,19,C,2/12/24 21:07,20.68,1.24,16.67741935,1974,17.66388889,97.8662,25.24067
AJ19B,19,A,2/12/24 21:07,18.01,0.978,18.41513292,1974,17.66388889,97.8662,25.24067
AJ19C,19,B,2/12/24 21:08,16.87,0.971,17.3738414,1974,17.66388889,97.8662,25.24067
AJ20A,20,C,2/12/24 21:08,19.09,0.922,20.70498915,1974,17.66388889,97.8662,25.24067
AJ20B,20,A,2/12/24 21:08,18.62,1.03,18.0776699,1974,17.66388889,97.8662,25.24067
AJ20C,20,B,2/12/24 21:09,16.22,0.993,16.33434038,1974,17.66388889,97.8662,25.24067
AJ21A,21,C,2/12/24 21:09,32.95,1.25,26.36,1974,17.66388889,97.8662,25.24067
AJ21B,21,A,2/12/24 21:10,18.48,0.925,19.97837838,1974,17.66388889,97.8662,25.24067
AJ21C,21,B,2/12/24 21:10,20.89,1.04,20.08653846,1974,17.66388889,97.8662,25.24067
AJ22A,22,C,2/12/24 21:10,32.28,1.161,27.80361757,1974,17.66388889,97.8662,25.24067
AJ22B,22,A,2/12/24 21:10,36.73,1.11,33.09009009,1974,17.66388889,97.8662,25.24067
AJ22C,22,A,2/12/24 21:11,61.01,2.135,28.57611241,1974,17.66388889,97.8662,25.24067
AJ23A,23,B,2/12/24 21:11,36.61,1.918,19.08759124,1974,17.66388889,97.8662,25.24067
AJ23B,23,C,2/12/24 21:11,25.4,1.264,20.09493671,1974,17.66388889,97.8662,25.24067
AJ23C,23,A,2/12/24 21:11,30.84,1.259,24.49563145,1974,17.66388889,97.8662,25.24067
AJ24A,24,B,2/12/24 21:12,41.33,2.397,17.24238632,1974,17.66388889,97.8662,25.24067
AJ24B,24,C,2/12/24 21:12,52.9,2.937,18.01157644,1974,17.66388889,97.8662,25.24067
AJ24C,24,A,2/12/24 21:12,36.23,2.347,15.43672774,1974,17.66388889,97.8662,25.24067
AJ25A,25,B,2/12/24 21:13,15.13,0.77,19.64935065,1974,17.66388889,97.8662,25.24067
AJ25B,25,C,2/12/24 21:13,18.24,0.867,21.03806228,1974,17.66388889,97.8662,25.24067
AJ25C,25,A,2/12/24 21:13,17.13,0.895,19.1396648,1974,17.66388889,97.8662,25.24067
AJ26A,26,B,2/12/24 21:14,15.15,0.931,16.27282492,1974,17.66388889,97.8662,25.24067
AJ26B,26,C,2/9/24 12:07,15.31,0.909,16.84268427,1974,17.66388889,97.8662,25.24067
AJ26C,26,A,2/9/24 12:08,7.63,0.414,18.42995169,1974,17.66388889,97.8662,25.24067
AJ27A,27,A,2/9/24 12:09,31.4,1.26,24.92063492,1974,17.66388889,97.8662,25.24067
AJ27B,27,B,2/9/24 12:10,18.81,0.927,20.29126214,1974,17.66388889,97.8662,25.24067
AJ27C,27,C,2/9/24 12:12,23.09,1.027,22.48296008,1974,17.66388889,97.8662,25.24067
AJ28A,28,A,2/9/24 12:16,20.84,1.335,15.61048689,1974,17.66388889,97.8662,25.24067
AJ28B,28,B,2/9/24 12:17,32.56,1.543,21.10174984,1974,17.66388889,97.8662,25.24067
AJ28C,28,C,2/9/24 12:18,31.34,1.75,17.90857143,1974,17.66388889,97.8662,25.24067
AJ29A,29,A,2/9/24 12:19,20.68,1.231,16.79935012,1974,17.66388889,97.8662,25.24067
AJ29B,29,B,2/9/24 12:20,21.94,1.375,15.95636364,1974,17.66388889,97.8662,25.24067
AJ29C,29,C,2/9/24 12:21,26.82,1.63,16.45398773,1974,17.66388889,97.8662,25.24067
AJ30A,30,A,2/9/24 12:22,26.34,1.274,20.67503925,1974,17.66388889,97.8662,25.24067
AJ30B,30,B,2/9/24 12:23,31.15,1.571,19.82813495,1974,17.66388889,97.8662,25.24067
AJ30C,30,C,2/9/24 12:24,31.57,1.544,20.44689119,1974,17.66388889,97.8662,25.24067
WP1A,1,A,2/11/24 12:10,33.87,1.286,26.33748056,3265,14.62777778,188.7728,20.37833
WP1B,1,B,2/11/24 12:11,31.31,1.643,19.05660377,3265,14.62777778,188.7728,20.37833
WP1C,1,C,2/11/24 12:12,30.15,1.336,22.56736527,3265,14.62777778,188.7728,20.37833
WP2A,2,A,2/11/24 12:13,26.22,1.375,19.06909091,3265,14.62777778,188.7728,20.37833
WP2B,2,B,2/11/24 12:14,22.41,1.119,20.02680965,3265,14.62777778,188.7728,20.37833
WP2C,2,C,2/11/24 12:15,19.23,0.995,19.32663317,3265,14.62777778,188.7728,20.37833
WP3A,3,A,2/11/24 12:16,26.8,1.441,18.5981957,3265,14.62777778,188.7728,20.37833
WP3B,3,B,2/11/24 12:17,26.91,1.305,20.62068966,3265,14.62777778,188.7728,20.37833
WP3C,3,C,2/11/24 12:18,19.77,0.981,20.1529052,3265,14.62777778,188.7728,20.37833
WP4A,4,A,2/11/24 12:19,27.61,1.41,19.58156028,3265,14.62777778,188.7728,20.37833
WP4B,4,B,2/11/24 12:20,22.69,1.366,16.61054173,3265,14.62777778,188.7728,20.37833
WP4C,4,C,2/11/24 12:21,23.26,1.51,15.40397351,3265,14.62777778,188.7728,20.37833
WP5A,5,A,2/11/24 12:22,33.97,2.069,16.41855969,3265,14.62777778,188.7728,20.37833
WP5B,5,A,2/11/24 12:22,34.15,2.068,16.51353965,3265,14.62777778,188.7728,20.37833
WP5C,5,B,2/11/24 12:23,14.98,0.845,17.72781065,3265,14.62777778,188.7728,20.37833
WP6A,6,C,2/11/24 12:30,23.4,1.219,19.19606235,3265,14.62777778,188.7728,20.37833
WP6B,6,A,2/11/24 12:31,27.4,1.131,24.22634836,3265,14.62777778,188.7728,20.37833
WP6C,6,B,2/11/24 12:32,20.34,0.952,21.36554622,3265,14.62777778,188.7728,20.37833
WP7A,7,C,2/11/24 12:33,24.59,1.191,20.64651553,3265,14.62777778,188.7728,20.37833
WP7B,7,A,2/11/24 12:33,16.14,1.017,15.87020649,3265,14.62777778,188.7728,20.37833
WP7C,7,B,2/11/24 12:34,23.17,1.207,19.1963546,3265,14.62777778,188.7728,20.37833
WP8A,8,C,2/11/24 12:36,26.33,1.282,20.53822153,3265,14.62777778,188.7728,20.37833
WP8B,8,A,2/11/24 12:36,19,0.928,20.47413793,3265,14.62777778,188.7728,20.37833
WP8C,8,B,2/11/24 12:37,15.77,0.967,16.3081696,3265,14.62777778,188.7728,20.37833
WP9A,9,C,2/11/24 12:39,25.82,1.919,13.45492444,3265,14.62777778,188.7728,20.37833
WP9B,9,A,2/11/24 12:40,23.48,1.425,16.47719298,3265,14.62777778,188.7728,20.37833
WP9C,9,A,2/11/24 12:41,20.5,1.286,15.94090202,3265,14.62777778,188.7728,20.37833
WP10A,10,B,2/11/24 12:42,21.41,1.165,18.3776824,3265,14.62777778,188.7728,20.37833
WP10B,10,C,2/11/24 12:42,23.83,1.308,18.21865443,3265,14.62777778,188.7728,20.37833
WP10C,10,A,2/11/24 12:43,18.71,0.951,19.67402734,3265,14.62777778,188.7728,20.37833
WP11A,11,B,2/11/24 12:44,28.54,1.257,22.70485282,3265,14.62777778,188.7728,20.37833
WP11B,11,C,2/11/24 12:45,25.08,1.041,24.09221902,3265,14.62777778,188.7728,20.37833
WP11C,11,A,2/11/24 12:46,17.81,0.798,22.31829574,3265,14.62777778,188.7728,20.37833
WP12A,12,B,2/11/24 12:47,37.43,2.302,16.25977411,3265,14.62777778,188.7728,20.37833
WP12B,12,C,2/11/24 12:48,36.13,2.04,17.71078431,3265,14.62777778,188.7728,20.37833
WP12C,12,A,2/11/24 12:49,28.97,1.796,16.13028953,3265,14.62777778,188.7728,20.37833
WP13A,13,B,2/11/24 12:55,32.22,1.623,19.85212569,3265,14.62777778,188.7728,20.37833
WP13B,13,C,2/11/24 12:55,26.91,1.281,21.00702576,3265,14.62777778,188.7728,20.37833
WP13C,13,A,2/11/24 12:56,20.49,1.259,16.27482129,3265,14.62777778,188.7728,20.37833
WP14A,14,A,2/14/24 10:15,33.7,1.745,19.31232092,3265,14.62777778,188.7728,20.37833
WP14B,14,B,2/14/24 10:16,29.59,1.616,18.31064356,3265,14.62777778,188.7728,20.37833
WP14C,14,C,2/14/24 10:16,24.17,1.238,19.52342488,3265,14.62777778,188.7728,20.37833
WP15A,15,A,2/14/24 10:16,56,2.697,20.76381164,3265,14.62777778,188.7728,20.37833
WP15B,15,B,2/14/24 10:17,39.75,2.112,18.82102273,3265,14.62777778,188.7728,20.37833
WP15C,15,C,2/14/24 10:17,28.9,1.516,19.06332454,3265,14.62777778,188.7728,20.37833
WP16A,16,A,2/14/24 10:17,33.59,1.684,19.94655582,3265,14.62777778,188.7728,20.37833
WP16B,16,B,2/14/24 10:18,36.07,1.825,19.76438356,3265,14.62777778,188.7728,20.37833
WP16C,16,C,2/14/24 10:18,25.51,1.304,19.56288344,3265,14.62777778,188.7728,20.37833
WP17A,17,A,2/14/24 10:18,27.18,1.433,18.96720167,3265,14.62777778,188.7728,20.37833
WP17B,17,B,2/14/24 10:19,32.58,1.607,20.27380212,3265,14.62777778,188.7728,20.37833
WP17C,17,C,2/14/24 10:19,29.05,1.408,20.63210227,3265,14.62777778,188.7728,20.37833
WP18A,18,A,2/14/24 10:20,40.49,2.578,15.70597362,3265,14.62777778,188.7728,20.37833
WP18B,18,A,2/14/24 10:20,19.37,1.122,17.26381462,3265,14.62777778,188.7728,20.37833
WP18C,18,B,2/14/24 10:21,18.65,1.113,16.75651393,3265,14.62777778,188.7728,20.37833
WP19A,19,C,2/14/24 10:21,26.67,1.401,19.03640257,3265,14.62777778,188.7728,20.37833
WP19B,19,A,2/14/24 10:21,25.32,1.571,16.11712285,3265,14.62777778,188.7728,20.37833
WP19C,19,B,2/14/24 10:22,23.12,1.168,19.79452055,3265,14.62777778,188.7728,20.37833
WP20A,20,C,2/14/24 10:22,40.69,2.356,17.27079796,3265,14.62777778,188.7728,20.37833
WP20B,20,A,2/14/24 10:23,43.76,2.64,16.57575758,3265,14.62777778,188.7728,20.37833
WP20C,20,B,2/14/24 10:23,42.59,2.379,17.90248003,3265,14.62777778,188.7728,20.37833
WP21A,21,C,2/14/24 10:24,17.94,0.853,21.03165299,3265,14.62777778,188.7728,20.37833
WP21B,21,A,2/14/24 10:24,17.57,0.911,19.28649835,3265,14.62777778,188.7728,20.37833
WP21C,21,B,2/14/24 10:24,20.38,1.087,18.74885005,3265,14.62777778,188.7728,20.37833
WP22A,22,C,2/14/24 10:25,26.05,1.673,15.57083084,3265,14.62777778,188.7728,20.37833
WP22B,22,A,2/14/24 10:25,20.03,1.123,17.83615316,3265,14.62777778,188.7728,20.37833
WP22C,22,A,2/14/24 10:25,20.55,1.153,17.82307025,3265,14.62777778,188.7728,20.37833
WP23A,23,B,2/14/24 10:26,14.34,0.929,15.43595264,3265,14.62777778,188.7728,20.37833
WP23B,23,C,2/14/24 10:26,26.31,1.582,16.63084703,3265,14.62777778,188.7728,20.37833
WP23C,23,A,2/14/24 10:26,20.24,1.11,18.23423423,3265,14.62777778,188.7728,20.37833
WP24A,24,B,2/14/24 10:27,23.1,1.379,16.75126904,3265,14.62777778,188.7728,20.37833
WP24B,24,C,2/14/24 10:28,35.04,2.426,14.44352844,3265,14.62777778,188.7728,20.37833
WP24C,24,A,2/14/24 10:28,31.65,2.148,14.73463687,3265,14.62777778,188.7728,20.37833
WP25A,25,B,2/11/24 13:49,28.9,1.451,19.91729841,3265,14.62777778,188.7728,20.37833
WP25B,25,C,2/11/24 13:49,33.21,1.401,23.70449679,3265,14.62777778,188.7728,20.37833
WP25C,25,A,2/11/24 13:50,31.95,1.608,19.86940299,3265,14.62777778,188.7728,20.37833
WP26A,26,B,2/11/24 13:51,28.54,1.602,17.81523096,3265,14.62777778,188.7728,20.37833
WP26B,26,C,2/11/24 13:52,25.4,1.492,17.02412869,3265,14.62777778,188.7728,20.37833
WP26C,26,A,2/11/24 13:53,23,1.22,18.85245902,3265,14.62777778,188.7728,20.37833
WP27A,27,A,2/11/24 13:54,51.81,3.186,16.26177024,3265,14.62777778,188.7728,20.37833
WP27B,27,B,2/11/24 13:54,46.93,2.696,17.40727003,3265,14.62777778,188.7728,20.37833
WP27C,27,C,2/11/24 13:55,33.36,1.778,18.76265467,3265,14.62777778,188.7728,20.37833
WP28A,28,A,2/11/24 13:56,34.14,2.744,12.44169096,3265,14.62777778,188.7728,20.37833
WP28B,28,B,2/11/24 13:57,32.08,1.724,18.60788863,3265,14.62777778,188.7728,20.37833
WP28C,28,C,2/11/24 13:58,32.66,2.004,16.29740519,3265,14.62777778,188.7728,20.37833
WP29A,29,A,2/11/24 13:59,18.4,0.981,18.75637105,3265,14.62777778,188.7728,20.37833
WP29B,29,B,2/11/24 14:00,21.31,1.131,18.84173298,3265,14.62777778,188.7728,20.37833
WP29C,29,C,2/11/24 14:01,19.49,0.788,24.73350254,3265,14.62777778,188.7728,20.37833
WP30A,30,A,2/11/24 14:02,18.96,0.991,19.13218971,3265,14.62777778,188.7728,20.37833
WP30B,30,B,2/11/24 14:03,33.13,1.0808,30.65321984,3265,14.62777778,188.7728,20.37833
WP30C,30,C,2/11/24 14:04,30.35,1.8,16.86111111,3265,14.62777778,188.7728,20.37833
SD1A,1,A,2/18/24 14:23,47.06,3.378,13.93132031,1918,14.15370556,105.3592,23.744
SD1B,1,B,2/18/24 14:24,32,1.941,16.48634724,1918,14.15370556,105.3592,23.744
SD1C,1,C,2/18/24 14:25,41.1,2.789,14.73646468,1918,14.15370556,105.3592,23.744
SD2A,2,A,2/18/24 14:26,27.17,1.537,17.67729343,1918,14.15370556,105.3592,23.744
SD2B,2,B,2/18/24 14:27,16.14,1.156,13.96193772,1918,14.15370556,105.3592,23.744
SD2C,2,C,2/18/24 14:28,23.62,1.18,20.01694915,1918,14.15370556,105.3592,23.744
SD3A,3,A,2/18/24 14:29,24.96,NA,NA,1918,14.15370556,105.3592,23.744
SD3B,3,B,2/18/24 14:30,16.61,0.984,16.8800813,1918,14.15370556,105.3592,23.744
SD3C,3,C,2/18/24 14:31,10.07,0.595,16.92436975,1918,14.15370556,105.3592,23.744
SD4A,4,A,2/18/24 14:32,30.21,2.319,13.02716688,1918,14.15370556,105.3592,23.744
SD4B,4,B,2/18/24 14:33,35.22,2.655,13.26553672,1918,14.15370556,105.3592,23.744
SD4C,4,C,2/18/24 14:34,26.45,1.997,13.2448673,1918,14.15370556,105.3592,23.744
SD5A,5,A,2/18/24 14:35,30.09,1.558,19.31322208,1918,14.15370556,105.3592,23.744
SD5B,5,A,2/18/24 14:35,29.8,1.321,22.55866768,1918,14.15370556,105.3592,23.744
SD5C,5,B,2/18/24 14:37,18.18,0.83,21.90361446,1918,14.15370556,105.3592,23.744
SD6A,6,C,2/18/24 14:52,14.65,1.11,13.1981982,1918,14.15370556,105.3592,23.744
SD6B,6,A,2/18/24 14:53,6.31,0.488,12.93032787,1918,14.15370556,105.3592,23.744
SD6C,6,B,2/18/24 14:53,10.22,0.851,12.00940071,1918,14.15370556,105.3592,23.744
SD7A,7,C,2/18/24 14:54,16.4,1.276,12.85266458,1918,14.15370556,105.3592,23.744
SD7B,7,A,2/18/24 14:55,19.54,1.323,14.76946334,1918,14.15370556,105.3592,23.744
SD7C,7,B,2/18/24 14:56,16.95,1.443,11.74636175,1918,14.15370556,105.3592,23.744
SD8A,8,C,2/18/24 14:57,10.7,0.953,11.22770199,1918,14.15370556,105.3592,23.744
SD8B,8,A,2/18/24 14:58,17.09,1.276,13.39341693,1918,14.15370556,105.3592,23.744
SD8C,8,B,2/18/24 15:00,10.4,0.685,15.18248175,1918,14.15370556,105.3592,23.744
SD9A,9,C,2/18/24 15:01,18.57,1.601,11.59900062,1918,14.15370556,105.3592,23.744
SD9B,9,A,2/18/24 15:02,15.03,1.151,13.05821025,1918,14.15370556,105.3592,23.744
SD9C,9,A,2/18/24 15:03,25.4,2.024,12.54940711,1918,14.15370556,105.3592,23.744
SD10A,10,B,2/18/24 15:04,24.7,1.894,13.04118268,1918,14.15370556,105.3592,23.744
SD10B,10,C,2/18/24 15:05,25.85,2.439,10.59860599,1918,14.15370556,105.3592,23.744
SD10C,10,A,2/18/24 15:06,22.68,1.993,11.3798294,1918,14.15370556,105.3592,23.744
SD11A,11,B,2/18/24 15:20,19.55,1.846,10.59046587,1918,14.15370556,105.3592,23.744
SD11B,11,C,2/18/24 15:22,19.31,1.23,15.69918699,1918,14.15370556,105.3592,23.744
SD11C,11,A,2/18/24 15:22,19.75,1.234,16.00486224,1918,14.15370556,105.3592,23.744
SD12A,12,B,2/18/24 15:23,29.21,2.647,11.03513411,1918,14.15370556,105.3592,23.744
SD12B,12,C,2/18/24 15:24,20.85,1.59,13.11320755,1918,14.15370556,105.3592,23.744
SD12C,12,A,2/18/24 15:25,21.79,1.804,12.07871397,1918,14.15370556,105.3592,23.744
SD13A,13,B,2/18/24 15:26,24.82,2.271,10.92910612,1918,14.15370556,105.3592,23.744
SD13B,13,C,2/18/24 15:27,26.27,2.376,11.05639731,1918,14.15370556,105.3592,23.744
SD13C,13,A,2/18/24 15:28,28.59,2.37,12.06329114,1918,14.15370556,105.3592,23.744
SD14A,14,A,2/18/24 15:29,16.84,1.15,14.64347826,1918,14.15370556,105.3592,23.744
SD14B,14,B,2/18/24 15:30,12.95,0.905,14.30939227,1918,14.15370556,105.3592,23.744
SD14C,14,C,2/18/24 15:31,16.22,1.122,14.45632799,1918,14.15370556,105.3592,23.744
SD15A,15,A,2/18/24 15:32,32.47,2.1,15.46190476,1918,14.15370556,105.3592,23.744
SD15B,15,B,2/18/24 15:33,31.18,2.109,14.78425794,1918,14.15370556,105.3592,23.744
SD15C,15,C,NA,31.42,1.627,19.31161647,1918,14.15370556,105.3592,23.744
SD16A,16,A,NA,37.26,2.578,14.45306439,1918,14.15370556,105.3592,23.744
SD16B,16,B,NA,39.89,2.383,16.73940411,1918,14.15370556,105.3592,23.744
SD16C,16,C,NA,41.29,2.721,15.17456817,1918,14.15370556,105.3592,23.744
SD17A,17,A,2/18/24 15:55,15.84,1.507,10.51094891,1918,14.15370556,105.3592,23.744
SD17B,17,B,2/18/24 15:56,14.8,1.084,13.65313653,1918,14.15370556,105.3592,23.744
SD17C,17,C,2/18/24 15:57,13.11,1.226,10.69331158,1918,14.15370556,105.3592,23.744
SD18A,18,A,2/18/24 16:00,14.7,1.33,11.05263158,1918,14.15370556,105.3592,23.744
SD18B,18,A,2/18/24 16:01,15.05,1.253,12.01117318,1918,14.15370556,105.3592,23.744
SD18C,18,B,2/18/24 16:02,15.09,1.432,10.5377095,1918,14.15370556,105.3592,23.744
SD19A,19,C,2/18/24 16:03,27.37,2.626,10.42269612,1918,14.15370556,105.3592,23.744
SD19B,19,A,2/18/24 16:03,33.61,2.803,11.99072422,1918,14.15370556,105.3592,23.744
SD19C,19,B,2/18/24 16:04,31,2.804,11.05563481,1918,14.15370556,105.3592,23.744
SD20A,20,C,2/18/24 16:05,18.73,1.417,13.21806634,1918,14.15370556,105.3592,23.744
SD20B,20,A,2/18/24 16:06,20.74,1.615,12.84210526,1918,14.15370556,105.3592,23.744
SD20C,20,B,2/18/24 16:07,22.66,1.67,13.56886228,1918,14.15370556,105.3592,23.744
SD21A,21,C,2/18/24 16:08,21.33,1.502,14.20106525,1918,14.15370556,105.3592,23.744
SD21B,21,A,2/18/24 16:08,23.52,1.811,12.98729983,1918,14.15370556,105.3592,23.744
SD21C,21,B,2/18/24 16:09,20.24,1.436,14.09470752,1918,14.15370556,105.3592,23.744
SD22A,22,C,2/18/24 16:10,29.55,2.464,11.99269481,1918,14.15370556,105.3592,23.744
SD22B,22,A,2/18/24 16:11,26.81,2.624,10.21722561,1918,14.15370556,105.3592,23.744
SD22C,22,A,2/18/24 16:12,22.03,1.817,12.12438085,1918,14.15370556,105.3592,23.744
SD23A,23,B,2/18/24 16:26,16.42,0.733,22.40109141,1918,14.15370556,105.3592,23.744
SD23B,23,C,2/18/24 16:27,16.64,0.8,20.8,1918,14.15370556,105.3592,23.744
SD23C,23,A,2/18/24 16:28,14.74,0.742,19.86522911,1918,14.15370556,105.3592,23.744
SD24A,24,B,2/18/24 16:29,20.17,1.395,14.45878136,1918,14.15370556,105.3592,23.744
SD24B,24,C,2/18/24 16:29,20.46,1.235,16.56680162,1918,14.15370556,105.3592,23.744
SD24C,24,A,2/18/24 16:30,15.71,1.005,15.6318408,1918,14.15370556,105.3592,23.744
SD25A,25,B,2/18/24 16:31,24.28,1.809,13.42177999,1918,14.15370556,105.3592,23.744
SD25B,25,C,2/18/24 16:32,29.32,2.373,12.35566793,1918,14.15370556,105.3592,23.744
SD25C,25,A,2/18/24 16:33,16.91,1.284,13.16978193,1918,14.15370556,105.3592,23.744
SD26A,26,B,2/18/24 16:34,14.16,1.313,10.78446306,1918,14.15370556,105.3592,23.744
SD26B,26,C,2/18/24 16:35,29.48,2.414,12.21209611,1918,14.15370556,105.3592,23.744
SD26C,26,A,2/18/24 16:36,22.41,2.013,11.13263785,1918,14.15370556,105.3592,23.744
SD27A,27,A,2/18/24 16:36,29.83,2.29,13.02620087,1918,14.15370556,105.3592,23.744
SD27B,27,B,2/18/24 16:37,29.24,2.008,14.56175299,1918,14.15370556,105.3592,23.744
SD27C,27,C,2/18/24 16:38,26.11,1.838,14.20565832,1918,14.15370556,105.3592,23.744
SD28A,28,A,2/18/24 16:39,28.6,1.731,16.52224148,1918,14.15370556,105.3592,23.744
SD28B,28,B,2/18/24 16:40,41.04,2.482,16.53505238,1918,14.15370556,105.3592,23.744
SD28C,28,C,2/18/24 16:41,23.68,1.286,18.41368585,1918,14.15370556,105.3592,23.744
SD29A,29,A,2/18/24 16:41,29.95,2.151,13.92375639,1918,14.15370556,105.3592,23.744
SD29B,29,B,2/18/24 16:42,18.73,1.181,15.85944115,1918,14.15370556,105.3592,23.744
SD29C,29,C,2/18/24 16:43,21.52,1.812,11.87637969,1918,14.15370556,105.3592,23.744
SD30A,30,A,2/18/24 16:44,26.72,1.479,18.06626099,1918,14.15370556,105.3592,23.744
SD30B,30,B,2/18/24 16:45,27.17,1.492,18.21045576,1918,14.15370556,105.3592,23.744
SD30C,30,C,2/18/24 16:46,17.44,0.984,17.72357724,1918,14.15370556,105.3592,23.744