Name,Longitude,Latitude,Elevation_ft,Date,Season,ppt_inches,ppt _mm,tmean_F,tmean_C,vpdmax_hPa
pop_01,-111.01,32.22,2470,2013-10,13-14,0,0,70.1,21.16666667,37.08
pop_01,-111.01,32.22,2470,2013-11,13-14,2.31,58.674,62.4,16.88888889,23.88
pop_01,-111.01,32.22,2470,2013-12,13-14,0.39,9.906,52.7,11.5,16.78
pop_01,-111.01,32.22,2470,2014-01,13-14,0,0,56.6,13.66666667,22.83
pop_01,-111.01,32.22,2470,2014-02,13-14,0.01,0.254,60.1,15.61111111,25.41
pop_01,-111.01,32.22,2470,2014-03,13-14,0.37,9.398,63.6,17.55555556,27.88
pop_01,-111.01,32.22,2470,2014-10,14-15,1.73,43.942,74.4,23.55555556,36.03
pop_01,-111.01,32.22,2470,2014-11,14-15,0,0,62.2,16.77777778,25.57
pop_01,-111.01,32.22,2470,2014-12,14-15,1.64,41.656,54,12.22222222,15.4
pop_01,-111.01,32.22,2470,2015-01,14-15,2.53,64.262,54.6,12.55555556,16.87
pop_01,-111.01,32.22,2470,2015-02,14-15,0.73,18.542,61.2,16.22222222,22.89
pop_01,-111.01,32.22,2470,2015-03,14-15,0.3,7.62,65.8,18.77777778,29.73
pop_01,-111.01,32.22,2470,2015-10,15-16,2.5,63.5,73.5,23.05555556,31.67
pop_01,-111.01,32.22,2470,2015-11,15-16,0.29,7.366,58.3,14.61111111,22.26
pop_01,-111.01,32.22,2470,2015-12,15-16,0.39,9.906,50.9,10.5,17.14
pop_01,-111.01,32.22,2470,2016-01,15-16,1.53,38.862,51.5,10.83333333,16.73
pop_01,-111.01,32.22,2470,2016-02,15-16,0.18,4.572,60.1,15.61111111,29.32
pop_01,-111.01,32.22,2470,2016-03,15-16,0.13,3.302,64.8,18.22222222,32.11
pop_01,-111.01,32.22,2470,2016-10,16-17,0.55,13.97,76.7,24.83333333,42.4
pop_01,-111.01,32.22,2470,2016-11,16-17,0.17,4.318,63.8,17.66666667,26.08
pop_01,-111.01,32.22,2470,2016-12,16-17,1.29,32.766,54.7,12.61111111,16.62
pop_01,-111.01,32.22,2470,2017-01,16-17,1.13,28.702,51.5,10.83333333,13.68
pop_01,-111.01,32.22,2470,2017-02,16-17,0.18,4.572,58.7,14.83333333,21.03
pop_01,-111.01,32.22,2470,2017-03,16-17,0.08,2.032,67,19.44444444,34.42
pop_01,-111.01,32.22,2470,2017-10,17-18,0,0,77.6,25.33333333,46.94
pop_01,-111.01,32.22,2470,2017-11,17-18,0.05,1.27,68.8,20.44444444,32.81
pop_01,-111.01,32.22,2470,2017-12,17-18,0.39,9.906,57.1,13.94444444,21.45
pop_01,-111.01,32.22,2470,2018-01,17-18,0.24,6.096,58.5,14.72222222,23.97
pop_01,-111.01,32.22,2470,2018-02,17-18,1.74,44.196,57.1,13.94444444,21.67
pop_01,-111.01,32.22,2470,2018-03,17-18,0.04,1.016,61.9,16.61111111,26.37
pop_01,-111.01,32.22,2470,2018-10,18-19,3.36,85.344,69.8,21,24.61
pop_01,-111.01,32.22,2470,2018-11,18-19,0.17,4.318,60.1,15.61111111,24.21
pop_01,-111.01,32.22,2470,2018-12,18-19,1.05,26.67,53,11.66666667,15.76
pop_01,-111.01,32.22,2470,2019-01,18-19,1.19,30.226,52,11.11111111,15.77
pop_01,-111.01,32.22,2470,2019-02,18-19,2.82,71.628,50.9,10.5,14.51
pop_01,-111.01,32.22,2470,2019-03,18-19,0.61,15.494,60.6,15.88888889,24.92
pop_01,-111.01,32.22,2470,2019-10,19-20,0,0,71.8,22.11111111,37.5
pop_01,-111.01,32.22,2470,2019-11,19-20,2.51,63.754,64.2,17.88888889,24.85
pop_01,-111.01,32.22,2470,2019-12,19-20,1.66,42.164,52.7,11.5,14.54
pop_01,-111.01,32.22,2470,2020-01,19-20,0.63,16.002,53.2,11.77777778,16.47
pop_01,-111.01,32.22,2470,2020-02,19-20,0.78,19.812,54.5,12.5,18.83
pop_01,-111.01,32.22,2470,2020-03,19-20,0.95,24.13,60.1,15.61111111,21.57
pop_01,-111.01,32.22,2470,2020-10,20-21,0,0,77.1,25.05555556,50.02
pop_01,-111.01,32.22,2470,2020-11,20-21,0.17,4.318,65.4,18.55555556,31.51
pop_01,-111.01,32.22,2470,2020-12,20-21,0.25,6.35,54.2,12.33333333,20.56
pop_01,-111.01,32.22,2470,2021-01,20-21,1.01,25.654,51.5,10.83333333,18.89
pop_01,-111.01,32.22,2470,2021-02,20-21,0,0,55.7,13.16666667,23.32
pop_01,-111.01,32.22,2470,2021-03,20-21,0.6,15.24,59.3,15.16666667,25.96
pop_01,-111.01,32.22,2470,2021-10,21-22,0.1,2.54,69.9,21.05555556,34.82
pop_01,-111.01,32.22,2470,2021-11,21-22,0,0,65.4,18.55555556,32.39
pop_01,-111.01,32.22,2470,2021-12,21-22,1.31,33.274,55.8,13.22222222,18.55
pop_01,-111.01,32.22,2470,2022-01,21-22,0.79,20.066,52.9,11.61111111,18.28
pop_01,-111.01,32.22,2470,2022-02,21-22,0.22,5.588,52.7,11.5,21.51
pop_01,-111.01,32.22,2470,2022-03,21-22,0.18,4.572,60.2,15.66666667,28.96
pop_01,-111.01,32.22,2470,2022-10,22-23,0.96,24.384,70.5,21.38888889,30.62
pop_01,-111.01,32.22,2470,2022-11,22-23,0,0,56.2,13.44444444,22.41
pop_01,-111.01,32.22,2470,2022-12,22-23,1.12,28.448,52,11.11111111,15.1
pop_01,-111.01,32.22,2470,2023-01,22-23,1.84,46.736,49.7,9.833333333,15.27
pop_01,-111.01,32.22,2470,2023-02,22-23,1.07,27.178,51.6,10.88888889,17.33
pop_01,-111.01,32.22,2470,2023-03,22-23,0.76,19.304,56.6,13.66666667,20.29
pop_03,-111.51,32.47,2431,2013-10,13-14,0.07,1.778,71.3,21.83333333,34.9
pop_03,-111.51,32.47,2431,2013-11,13-14,2.72,69.088,63.5,17.5,22.39
pop_03,-111.51,32.47,2431,2013-12,13-14,0.51,12.954,53.4,11.88888889,15.3
pop_03,-111.51,32.47,2431,2014-01,13-14,0,0,57,13.88888889,21.12
pop_03,-111.51,32.47,2431,2014-02,13-14,0.01,0.254,60.4,15.77777778,23.75
pop_03,-111.51,32.47,2431,2014-03,13-14,0.53,13.462,64.1,17.83333333,26.57
pop_03,-111.51,32.47,2431,2014-10,14-15,1.46,37.084,74.2,23.44444444,32.15
pop_03,-111.51,32.47,2431,2014-11,14-15,0,0,63.3,17.38888889,24.5
pop_03,-111.51,32.47,2431,2014-12,14-15,1.96,49.784,55,12.77777778,13.86
pop_03,-111.51,32.47,2431,2015-01,14-15,2.2,55.88,56.3,13.5,15.52
pop_03,-111.51,32.47,2431,2015-02,14-15,0.34,8.636,61.8,16.55555556,20.83
pop_03,-111.51,32.47,2431,2015-03,14-15,0.68,17.272,66.5,19.16666667,28.73
pop_03,-111.51,32.47,2431,2015-10,15-16,2.86,72.644,74.7,23.72222222,29.57
pop_03,-111.51,32.47,2431,2015-11,15-16,0.27,6.858,59,15,20.61
pop_03,-111.51,32.47,2431,2015-12,15-16,0.46,11.684,52,11.11111111,15.97
pop_03,-111.51,32.47,2431,2016-01,15-16,1.14,28.956,53.6,12,15.04
pop_03,-111.51,32.47,2431,2016-02,15-16,0.15,3.81,61.1,16.16666667,27.22
pop_03,-111.51,32.47,2431,2016-03,15-16,0.03,0.762,65.8,18.77777778,31.31
pop_03,-111.51,32.47,2431,2016-10,16-17,0.48,12.192,77.4,25.22222222,39.84
pop_03,-111.51,32.47,2431,2016-11,16-17,0.62,15.748,66,18.88888889,24.61
pop_03,-111.51,32.47,2431,2016-12,16-17,1.7,43.18,56.6,13.66666667,15.67
pop_03,-111.51,32.47,2431,2017-01,16-17,1.63,41.402,53,11.66666667,11.91
pop_03,-111.51,32.47,2431,2017-02,16-17,0.3,7.62,59.9,15.5,19.38
pop_03,-111.51,32.47,2431,2017-03,16-17,0.14,3.556,68.3,20.16666667,33.24
pop_03,-111.51,32.47,2431,2017-10,17-18,0.07,1.778,77.2,25.11111111,43.68
pop_03,-111.51,32.47,2431,2017-11,17-18,0,0,70.2,21.22222222,30.9
pop_03,-111.51,32.47,2431,2017-12,17-18,0.26,6.604,59.4,15.22222222,20.84
pop_03,-111.51,32.47,2431,2018-01,17-18,0.54,13.716,61.2,16.22222222,22.67
pop_03,-111.51,32.47,2431,2018-02,17-18,1.51,38.354,58.9,14.94444444,20.62
pop_03,-111.51,32.47,2431,2018-03,17-18,0,0,62.5,16.94444444,25.55
pop_03,-111.51,32.47,2431,2018-10,18-19,3.94,100.076,70.9,21.61111111,22.04
pop_03,-111.51,32.47,2431,2018-11,18-19,0.44,11.176,61.7,16.5,22.84
pop_03,-111.51,32.47,2431,2018-12,18-19,1.04,26.416,55.1,12.83333333,14.62
pop_03,-111.51,32.47,2431,2019-01,18-19,1.13,28.702,53.9,12.16666667,14.27
pop_03,-111.51,32.47,2431,2019-02,18-19,2.75,69.85,51.9,11.05555556,12.98
pop_03,-111.51,32.47,2431,2019-03,18-19,0.53,13.462,61,16.11111111,24.02
pop_03,-111.51,32.47,2431,2019-10,19-20,0,0,71.5,21.94444444,35.6
pop_03,-111.51,32.47,2431,2019-11,19-20,3.24,82.296,64.5,18.05555556,24.1
pop_03,-111.51,32.47,2431,2019-12,19-20,2.64,67.056,53.9,12.16666667,12.91
pop_03,-111.51,32.47,2431,2020-01,19-20,0.38,9.652,54.9,12.72222222,15.17
pop_03,-111.51,32.47,2431,2020-02,19-20,0.66,16.764,54.3,12.38888889,18.34
pop_03,-111.51,32.47,2431,2020-03,19-20,0.83,21.082,60.1,15.61111111,20.12
pop_03,-111.51,32.47,2431,2020-10,20-21,0.01,0.254,77.9,25.5,48.25
pop_03,-111.51,32.47,2431,2020-11,20-21,0.21,5.334,66.3,19.05555556,30.75
pop_03,-111.51,32.47,2431,2020-12,20-21,0.39,9.906,54.6,12.55555556,19.49
pop_03,-111.51,32.47,2431,2021-01,20-21,0.79,20.066,53.8,12.11111111,18.12
pop_03,-111.51,32.47,2431,2021-02,20-21,0,0,56.4,13.55555556,23.2
pop_03,-111.51,32.47,2431,2021-03,20-21,0.31,7.874,60,15.55555556,25.51
pop_03,-111.51,32.47,2431,2021-10,21-22,0.04,1.016,69.7,20.94444444,33.9
pop_03,-111.51,32.47,2431,2021-11,21-22,0.02,0.508,66.1,18.94444444,32.12
pop_03,-111.51,32.47,2431,2021-12,21-22,1.34,34.036,56,13.33333333,18.37
pop_03,-111.51,32.47,2431,2022-01,21-22,0.39,9.906,54.1,12.27777778,17.91
pop_03,-111.51,32.47,2431,2022-02,21-22,0.47,11.938,53.2,11.77777778,21.62
pop_03,-111.51,32.47,2431,2022-03,21-22,0.3,7.62,60.9,16.05555556,28.98
pop_03,-111.51,32.47,2431,2022-10,22-23,0.72,18.288,72.8,22.66666667,30.89
pop_03,-111.51,32.47,2431,2022-11,22-23,0.17,4.318,57.8,14.33333333,21.97
pop_03,-111.51,32.47,2431,2022-12,22-23,2.85,72.39,53.7,12.05555556,14.22
pop_03,-111.51,32.47,2431,2023-01,22-23,0.8,20.32,52.2,11.22222222,15.15
pop_03,-111.51,32.47,2431,2023-02,22-23,0.79,20.066,54.1,12.27777778,17.55
pop_03,-111.51,32.47,2431,2023-03,22-23,0.57,14.478,57.8,14.33333333,20.55
pop_04,-110.99,31.91,2992,2013-10,13-14,0,0,67.7,19.83333333,35.45
pop_04,-110.99,31.91,2992,2013-11,13-14,2.1,53.34,60.8,16,23.66
pop_04,-110.99,31.91,2992,2013-12,13-14,0.94,23.876,51.2,10.66666667,17.14
pop_04,-110.99,31.91,2992,2014-01,13-14,0,0,54.8,12.66666667,23.29
pop_04,-110.99,31.91,2992,2014-02,13-14,0.04,1.016,58.4,14.66666667,25.44
pop_04,-110.99,31.91,2992,2014-03,13-14,1.14,28.956,62,16.66666667,26.62
pop_04,-110.99,31.91,2992,2014-10,14-15,1.03,26.162,71.9,22.16666667,35.6
pop_04,-110.99,31.91,2992,2014-11,14-15,0,0,59.5,15.27777778,24.31
pop_04,-110.99,31.91,2992,2014-12,14-15,1.31,33.274,52.3,11.27777778,16.41
pop_04,-110.99,31.91,2992,2015-01,14-15,2.22,56.388,53,11.66666667,17.07
pop_04,-110.99,31.91,2992,2015-02,14-15,0.46,11.684,59.8,15.44444444,23.24
pop_04,-110.99,31.91,2992,2015-03,14-15,0.31,7.874,63.5,17.5,27.79
pop_04,-110.99,31.91,2992,2015-10,15-16,2.12,53.848,71.2,21.77777778,30.94
pop_04,-110.99,31.91,2992,2015-11,15-16,0.16,4.064,56.6,13.66666667,22.1
pop_04,-110.99,31.91,2992,2015-12,15-16,0.66,16.764,49.6,9.777777778,17.5
pop_04,-110.99,31.91,2992,2016-01,15-16,1.37,34.798,50.9,10.5,17.67
pop_04,-110.99,31.91,2992,2016-02,15-16,0.18,4.572,58.1,14.5,29.18
pop_04,-110.99,31.91,2992,2016-03,15-16,0.06,1.524,62.6,17,31.28
pop_04,-110.99,31.91,2992,2016-10,16-17,0.31,7.874,74.4,23.55555556,41.89
pop_04,-110.99,31.91,2992,2016-11,16-17,0.12,3.048,61.6,16.44444444,25.81
pop_04,-110.99,31.91,2992,2016-12,16-17,1.26,32.004,53.3,11.83333333,17.24
pop_04,-110.99,31.91,2992,2017-01,16-17,1.19,30.226,50,10,14.31
pop_04,-110.99,31.91,2992,2017-02,16-17,0.11,2.794,57.5,14.16666667,21.57
pop_04,-110.99,31.91,2992,2017-03,16-17,0.14,3.556,65.7,18.72222222,34.28
pop_04,-110.99,31.91,2992,2017-10,17-18,0,0,74.7,23.72222222,44.61
pop_04,-110.99,31.91,2992,2017-11,17-18,0.14,3.556,66.7,19.27777778,32.51
pop_04,-110.99,31.91,2992,2017-12,17-18,0.53,13.462,54.9,12.72222222,21.59
pop_04,-110.99,31.91,2992,2018-01,17-18,0,0,56.4,13.55555556,24.54
pop_04,-110.99,31.91,2992,2018-02,17-18,2.66,67.564,55,12.77777778,20.67
pop_04,-110.99,31.91,2992,2018-03,17-18,0.06,1.524,59.9,15.5,25.79
pop_04,-110.99,31.91,2992,2018-10,18-19,3.19,81.026,67.4,19.66666667,24.07
pop_04,-110.99,31.91,2992,2018-11,18-19,0.08,2.032,57.5,14.16666667,23.27
pop_04,-110.99,31.91,2992,2018-12,18-19,1.25,31.75,51.2,10.66666667,15.74
pop_04,-110.99,31.91,2992,2019-01,18-19,1.2,30.48,50.6,10.33333333,15.68
pop_04,-110.99,31.91,2992,2019-02,18-19,2.63,66.802,49.6,9.777777778,15.12
pop_04,-110.99,31.91,2992,2019-03,18-19,0.74,18.796,59.4,15.22222222,25.42
pop_04,-110.99,31.91,2992,2019-10,19-20,0,0,69.3,20.72222222,36.39
pop_04,-110.99,31.91,2992,2019-11,19-20,2.62,66.548,61,16.11111111,23.22
pop_04,-110.99,31.91,2992,2019-12,19-20,1.5,38.1,50.9,10.5,15.65
pop_04,-110.99,31.91,2992,2020-01,19-20,0.74,18.796,51.7,10.94444444,17.72
pop_04,-110.99,31.91,2992,2020-02,19-20,0.88,22.352,52.6,11.44444444,18.99
pop_04,-110.99,31.91,2992,2020-03,19-20,0.77,19.558,57.6,14.22222222,21.49
pop_04,-110.99,31.91,2992,2020-10,20-21,0.02,0.508,73.6,23.11111111,47.48
pop_04,-110.99,31.91,2992,2020-11,20-21,0.14,3.556,62.5,16.94444444,31.02
pop_04,-110.99,31.91,2992,2020-12,20-21,0.36,9.144,50.7,10.38888889,19.81
pop_04,-110.99,31.91,2992,2021-01,20-21,1.28,32.512,50.4,10.22222222,18.48
pop_04,-110.99,31.91,2992,2021-02,20-21,0,0,54.2,12.33333333,23.13
pop_04,-110.99,31.91,2992,2021-03,20-21,0.22,5.588,56.9,13.83333333,24.51
pop_04,-110.99,31.91,2992,2021-10,21-22,0.07,1.778,68.1,20.05555556,32.57
pop_04,-110.99,31.91,2992,2021-11,21-22,0,0,63.4,17.44444444,31.07
pop_04,-110.99,31.91,2992,2021-12,21-22,0.68,17.272,54.5,12.5,19.65
pop_04,-110.99,31.91,2992,2022-01,21-22,0.6,15.24,51.5,10.83333333,19.1
pop_04,-110.99,31.91,2992,2022-02,21-22,0.34,8.636,50.9,10.5,21.38
pop_04,-110.99,31.91,2992,2022-03,21-22,0.51,12.954,58.7,14.83333333,29.34
pop_04,-110.99,31.91,2992,2022-10,22-23,0.91,23.114,67.8,19.88888889,26.75
pop_04,-110.99,31.91,2992,2022-11,22-23,0.01,0.254,53.4,11.88888889,20.99
pop_04,-110.99,31.91,2992,2022-12,22-23,1.09,27.686,51,10.55555556,15.92
pop_04,-110.99,31.91,2992,2023-01,22-23,1.1,27.94,49.1,9.5,16.2
pop_04,-110.99,31.91,2992,2023-02,22-23,0.73,18.542,50.3,10.16666667,17.09
pop_04,-110.99,31.91,2992,2023-03,22-23,0.59,14.986,56.4,13.55555556,21.71
pop_05,-112.26,32.77,1972,2013-10,13-14,0,0,65,18.33333333,33.09
pop_05,-112.26,32.77,1972,2013-11,13-14,2.4,60.96,59.4,15.22222222,23.22
pop_05,-112.26,32.77,1972,2013-12,13-14,0.39,9.906,48.2,9,15.3
pop_05,-112.26,32.77,1972,2014-01,13-14,0,0,50.4,10.22222222,20.73
pop_05,-112.26,32.77,1972,2014-02,13-14,0,0,56,13.33333333,24.48
pop_05,-112.26,32.77,1972,2014-03,13-14,0.76,19.304,61,16.11111111,27.84
pop_05,-112.26,32.77,1972,2014-10,14-15,0.86,21.844,70.8,21.55555556,33.31
pop_05,-112.26,32.77,1972,2014-11,14-15,0,0,57.8,14.33333333,25.47
pop_05,-112.26,32.77,1972,2014-12,14-15,1.24,31.496,49.9,9.944444444,13.43
pop_05,-112.26,32.77,1972,2015-01,14-15,0.87,22.098,51.1,10.61111111,15.77
pop_05,-112.26,32.77,1972,2015-02,14-15,0.42,10.668,57.7,14.27777778,21.83
pop_05,-112.26,32.77,1972,2015-03,14-15,0.47,11.938,64,17.77777778,31.96
pop_05,-112.26,32.77,1972,2015-10,15-16,0.75,19.05,71.9,22.16666667,32.04
pop_05,-112.26,32.77,1972,2015-11,15-16,0.16,4.064,54.5,12.5,22.02
pop_05,-112.26,32.77,1972,2015-12,15-16,0.17,4.318,47.1,8.388888889,16.18
pop_05,-112.26,32.77,1972,2016-01,15-16,1.77,44.958,48.4,9.111111111,15.1
pop_05,-112.26,32.77,1972,2016-02,15-16,0.19,4.826,56.6,13.66666667,28.43
pop_05,-112.26,32.77,1972,2016-03,15-16,0.01,0.254,63.1,17.27777778,33.59
pop_05,-112.26,32.77,1972,2016-10,16-17,0.28,7.112,73.9,23.27777778,40.48
pop_05,-112.26,32.77,1972,2016-11,16-17,0.39,9.906,60.9,16.05555556,25.72
pop_05,-112.26,32.77,1972,2016-12,16-17,0.73,18.542,51.4,10.77777778,15.42
pop_05,-112.26,32.77,1972,2017-01,16-17,0.73,18.542,49.4,9.666666667,12.46
pop_05,-112.26,32.77,1972,2017-02,16-17,0.33,8.382,56.1,13.38888889,19.66
pop_05,-112.26,32.77,1972,2017-03,16-17,0.09,2.286,65.2,18.44444444,34.86
pop_05,-112.26,32.77,1972,2017-10,17-18,0,0,72.3,22.38888889,43.89
pop_05,-112.26,32.77,1972,2017-11,17-18,0,0,63.8,17.66666667,30.16
pop_05,-112.26,32.77,1972,2017-12,17-18,0.38,9.652,51.6,10.88888889,19.66
pop_05,-112.26,32.77,1972,2018-01,17-18,0.37,9.398,53.4,11.88888889,22.23
pop_05,-112.26,32.77,1972,2018-02,17-18,0.66,16.764,54,12.22222222,20.72
pop_05,-112.26,32.77,1972,2018-03,17-18,0.01,0.254,59.7,15.38888889,26.8
pop_05,-112.26,32.77,1972,2018-10,18-19,4.62,117.348,68.5,20.27777778,22.94
pop_05,-112.26,32.77,1972,2018-11,18-19,0.34,8.636,57.2,14,23.14
pop_05,-112.26,32.77,1972,2018-12,18-19,0.14,3.556,49.3,9.611111111,14.67
pop_05,-112.26,32.77,1972,2019-01,18-19,0.75,19.05,48.9,9.388888889,14.07
pop_05,-112.26,32.77,1972,2019-02,18-19,2.77,70.358,48.1,8.944444444,13.28
pop_05,-112.26,32.77,1972,2019-03,18-19,0.55,13.97,58.3,14.61111111,24.55
pop_05,-112.26,32.77,1972,2019-10,19-20,0,0,68.5,20.27777778,36.95
pop_05,-112.26,32.77,1972,2019-11,19-20,2.15,54.61,60.5,15.83333333,25.05
pop_05,-112.26,32.77,1972,2019-12,19-20,1.52,38.608,49.8,9.888888889,12.74
pop_05,-112.26,32.77,1972,2020-01,19-20,0.29,7.366,49.5,9.722222222,15.67
pop_05,-112.26,32.77,1972,2020-02,19-20,0.84,21.336,51.7,10.94444444,20.2
pop_05,-112.26,32.77,1972,2020-03,19-20,1.89,48.006,59,15,22.04
pop_05,-112.26,32.77,1972,2020-10,20-21,0,0,74,23.33333333,47.72
pop_05,-112.26,32.77,1972,2020-11,20-21,0,0,61.8,16.55555556,32
pop_05,-112.26,32.77,1972,2020-12,20-21,0.45,11.43,49.4,9.666666667,19.61
pop_05,-112.26,32.77,1972,2021-01,20-21,0.67,17.018,51,10.55555556,17.53
pop_05,-112.26,32.77,1972,2021-02,20-21,0,0,55.2,12.88888889,22.76
pop_05,-112.26,32.77,1972,2021-03,20-21,0.26,6.604,57.9,14.38888889,26
pop_05,-112.26,32.77,1972,2021-10,21-22,0.18,4.572,68.7,20.38888889,30.4
pop_05,-112.26,32.77,1972,2021-11,21-22,0,0,64,17.77777778,31.68
pop_05,-112.26,32.77,1972,2021-12,21-22,1.47,37.338,54.8,12.66666667,18.4
pop_05,-112.26,32.77,1972,2022-01,21-22,0.33,8.382,52.1,11.16666667,18.07
pop_05,-112.26,32.77,1972,2022-02,21-22,0.44,11.176,51.9,11.05555556,21
pop_05,-112.26,32.77,1972,2022-03,21-22,0.34,8.636,59.8,15.44444444,30.77
pop_05,-112.26,32.77,1972,2022-10,22-23,1.33,33.782,71,21.66666667,29.57
pop_05,-112.26,32.77,1972,2022-11,22-23,0.14,3.556,54.9,12.72222222,21.94
pop_05,-112.26,32.77,1972,2022-12,22-23,2.33,59.182,50.6,10.33333333,13.22
pop_05,-112.26,32.77,1972,2023-01,22-23,1.19,30.226,50.2,10.11111111,14.8
pop_05,-112.26,32.77,1972,2023-02,22-23,1.02,25.908,51.8,11,17.4
pop_05,-112.26,32.77,1972,2023-03,22-23,1.04,26.416,55.6,13.11111111,20.62
pop_06,-112.76,32.17,1860,2013-10,13-14,0,0,68.1,20.05555556,35.7
pop_06,-112.76,32.17,1860,2013-11,13-14,2.8,71.12,61.5,16.38888889,23.51
pop_06,-112.76,32.17,1860,2013-12,13-14,0.25,6.35,52.7,11.5,16.24
pop_06,-112.76,32.17,1860,2014-01,13-14,0,0,56.2,13.44444444,22.78
pop_06,-112.76,32.17,1860,2014-02,13-14,0,0,59.4,15.22222222,26.26
pop_06,-112.76,32.17,1860,2014-03,13-14,0.64,16.256,63.4,17.44444444,28.12
pop_06,-112.76,32.17,1860,2014-10,14-15,1.13,28.702,74.6,23.66666667,36.35
pop_06,-112.76,32.17,1860,2014-11,14-15,0,0,61.9,16.61111111,26.53
pop_06,-112.76,32.17,1860,2014-12,14-15,1.32,33.528,54.8,12.66666667,15.18
pop_06,-112.76,32.17,1860,2015-01,14-15,1.65,41.91,54.5,12.5,16.31
pop_06,-112.76,32.17,1860,2015-02,14-15,0.55,13.97,61.4,16.33333333,22.98
pop_06,-112.76,32.17,1860,2015-03,14-15,1.14,28.956,67.1,19.5,32.25
pop_06,-112.76,32.17,1860,2015-10,15-16,0.78,19.812,75.1,23.94444444,34.37
pop_06,-112.76,32.17,1860,2015-11,15-16,0.06,1.524,58.1,14.5,23.06
pop_06,-112.76,32.17,1860,2015-12,15-16,0.25,6.35,50.8,10.44444444,17.51
pop_06,-112.76,32.17,1860,2016-01,15-16,1.49,37.846,52.4,11.33333333,16.55
pop_06,-112.76,32.17,1860,2016-02,15-16,0.17,4.318,60.6,15.88888889,29.72
pop_06,-112.76,32.17,1860,2016-03,15-16,0.11,2.794,65.1,18.38888889,34.4
pop_06,-112.76,32.17,1860,2016-10,16-17,0.03,0.762,76.9,24.94444444,43.37
pop_06,-112.76,32.17,1860,2016-11,16-17,0.33,8.382,64.1,17.83333333,26.4
pop_06,-112.76,32.17,1860,2016-12,16-17,1.49,37.846,54.9,12.72222222,16.08
pop_06,-112.76,32.17,1860,2017-01,16-17,0.98,24.892,52.7,11.5,13.17
pop_06,-112.76,32.17,1860,2017-02,16-17,0.77,19.558,59.1,15.05555556,19.81
pop_06,-112.76,32.17,1860,2017-03,16-17,0.02,0.508,66.4,19.11111111,34.05
pop_06,-112.76,32.17,1860,2017-10,17-18,0,0,76.5,24.72222222,47.37
pop_06,-112.76,32.17,1860,2017-11,17-18,0,0,68.4,20.22222222,32.25
pop_06,-112.76,32.17,1860,2017-12,17-18,0.47,11.938,56.6,13.66666667,22.89
pop_06,-112.76,32.17,1860,2018-01,17-18,0.25,6.35,57.8,14.33333333,23.64
pop_06,-112.76,32.17,1860,2018-02,17-18,0.64,16.256,56.5,13.61111111,21.76
pop_06,-112.76,32.17,1860,2018-03,17-18,0,0,62.4,16.88888889,27.65
pop_06,-112.76,32.17,1860,2018-10,18-19,4.77,121.158,70.4,21.33333333,24.31
pop_06,-112.76,32.17,1860,2018-11,18-19,0.17,4.318,60.1,15.61111111,23.88
pop_06,-112.76,32.17,1860,2018-12,18-19,0.61,15.494,53.1,11.72222222,15.72
pop_06,-112.76,32.17,1860,2019-01,18-19,1.02,25.908,52.1,11.16666667,15.38
pop_06,-112.76,32.17,1860,2019-02,18-19,2.88,73.152,50.8,10.44444444,14.1
pop_06,-112.76,32.17,1860,2019-03,18-19,0.91,23.114,60.2,15.66666667,25.13
pop_06,-112.76,32.17,1860,2019-10,19-20,0,0,71.8,22.11111111,39.84
pop_06,-112.76,32.17,1860,2019-11,19-20,2.34,59.436,64.5,18.05555556,27.65
pop_06,-112.76,32.17,1860,2019-12,19-20,1.82,46.228,53,11.66666667,14.01
pop_06,-112.76,32.17,1860,2020-01,19-20,0.93,23.622,52.8,11.55555556,17.19
pop_06,-112.76,32.17,1860,2020-02,19-20,1.01,25.654,53.5,11.94444444,20.14
pop_06,-112.76,32.17,1860,2020-03,19-20,2.56,65.024,60,15.55555556,20.79
pop_06,-112.76,32.17,1860,2020-10,20-21,0,0,77.1,25.05555556,51.73
pop_06,-112.76,32.17,1860,2020-11,20-21,0,0,63.8,17.66666667,31.16
pop_06,-112.76,32.17,1860,2020-12,20-21,0.27,6.858,53.1,11.72222222,20.3
pop_06,-112.76,32.17,1860,2021-01,20-21,1.35,34.29,53.8,12.11111111,19.52
pop_06,-112.76,32.17,1860,2021-02,20-21,0.02,0.508,57.1,13.94444444,24.3
pop_06,-112.76,32.17,1860,2021-03,20-21,0.25,6.35,58.7,14.83333333,25.71
pop_06,-112.76,32.17,1860,2021-10,21-22,0.12,3.048,71.2,21.77777778,35.72
pop_06,-112.76,32.17,1860,2021-11,21-22,0,0,66.6,19.22222222,32.58
pop_06,-112.76,32.17,1860,2021-12,21-22,0.91,23.114,55.7,13.16666667,18.33
pop_06,-112.76,32.17,1860,2022-01,21-22,0.22,5.588,54,12.22222222,18.8
pop_06,-112.76,32.17,1860,2022-02,21-22,0.31,7.874,54.1,12.27777778,21.51
pop_06,-112.76,32.17,1860,2022-03,21-22,0.05,1.27,60.4,15.77777778,28.28
pop_06,-112.76,32.17,1860,2022-10,22-23,0.77,19.558,72,22.22222222,32.62
pop_06,-112.76,32.17,1860,2022-11,22-23,0.12,3.048,55.5,13.05555556,21.31
pop_06,-112.76,32.17,1860,2022-12,22-23,1.36,34.544,51.7,10.94444444,14.04
pop_06,-112.76,32.17,1860,2023-01,22-23,1.36,34.544,50.7,10.38888889,14.83
pop_06,-112.76,32.17,1860,2023-02,22-23,1.02,25.908,51.2,10.66666667,13.94
pop_06,-112.76,32.17,1860,2023-03,22-23,0.4,10.16,55.4,13,19.13
pop_07,-111.95,31.91,2218,2013-10,13-14,0.02,0.508,69.1,20.61111111,35.59
pop_07,-111.95,31.91,2218,2013-11,13-14,2.19,55.626,60.8,16,22.6
pop_07,-111.95,31.91,2218,2013-12,13-14,0.63,16.002,51.7,10.94444444,15.81
pop_07,-111.95,31.91,2218,2014-01,13-14,0,0,55.8,13.22222222,22.51
pop_07,-111.95,31.91,2218,2014-02,13-14,0,0,59.3,15.16666667,25.2
pop_07,-111.95,31.91,2218,2014-03,13-14,0.97,24.638,62.7,17.05555556,27.08
pop_07,-111.95,31.91,2218,2014-10,14-15,1.53,38.862,75,23.88888889,36.44
pop_07,-111.95,31.91,2218,2014-11,14-15,0.02,0.508,61.6,16.44444444,25.5
pop_07,-111.95,31.91,2218,2014-12,14-15,1.17,29.718,54,12.22222222,15.07
pop_07,-111.95,31.91,2218,2015-01,14-15,2.73,69.342,54.2,12.33333333,16.63
pop_07,-111.95,31.91,2218,2015-02,14-15,0.41,10.414,60.8,16,22.32
pop_07,-111.95,31.91,2218,2015-03,14-15,0.6,15.24,65.7,18.72222222,29.94
pop_07,-111.95,31.91,2218,2015-10,15-16,1.97,50.038,74.8,23.77777778,33.71
pop_07,-111.95,31.91,2218,2015-11,15-16,0.22,5.588,57.6,14.22222222,21.86
pop_07,-111.95,31.91,2218,2015-12,15-16,0.51,12.954,50.4,10.22222222,16.8
pop_07,-111.95,31.91,2218,2016-01,15-16,1.54,39.116,51.6,10.88888889,16.71
pop_07,-111.95,31.91,2218,2016-02,15-16,0.12,3.048,59.1,15.05555556,28.4
pop_07,-111.95,31.91,2218,2016-03,15-16,0.04,1.016,64.5,18.05555556,32.65
pop_07,-111.95,31.91,2218,2016-10,16-17,0.18,4.572,77.2,25.11111111,42.62
pop_07,-111.95,31.91,2218,2016-11,16-17,0.22,5.588,62.7,17.05555556,25.55
pop_07,-111.95,31.91,2218,2016-12,16-17,1.21,30.734,54.2,12.33333333,15.89
pop_07,-111.95,31.91,2218,2017-01,16-17,1.63,41.402,51.4,10.77777778,12.91
pop_07,-111.95,31.91,2218,2017-02,16-17,0.08,2.032,58.2,14.55555556,19.9
pop_07,-111.95,31.91,2218,2017-03,16-17,0.09,2.286,66,18.88888889,32.94
pop_07,-111.95,31.91,2218,2017-10,17-18,0,0,76.9,24.94444444,47.12
pop_07,-111.95,31.91,2218,2017-11,17-18,0.04,1.016,68,20,32.3
pop_07,-111.95,31.91,2218,2017-12,17-18,0.36,9.144,56.3,13.5,21.72
pop_07,-111.95,31.91,2218,2018-01,17-18,0.16,4.064,57.3,14.05555556,22.92
pop_07,-111.95,31.91,2218,2018-02,17-18,1.8,45.72,56.1,13.38888889,20.82
pop_07,-111.95,31.91,2218,2018-03,17-18,0.03,0.762,61.4,16.33333333,26.34
pop_07,-111.95,31.91,2218,2018-10,18-19,3.67,93.218,70.6,21.44444444,24.76
pop_07,-111.95,31.91,2218,2018-11,18-19,0.21,5.334,59.6,15.33333333,23.81
pop_07,-111.95,31.91,2218,2018-12,18-19,0.88,22.352,52.8,11.55555556,15.71
pop_07,-111.95,31.91,2218,2019-01,18-19,1.02,25.908,51.9,11.05555556,15.63
pop_07,-111.95,31.91,2218,2019-02,18-19,2.09,53.086,50.1,10.05555556,13.98
pop_07,-111.95,31.91,2218,2019-03,18-19,0.73,18.542,59.9,15.5,24.51
pop_07,-111.95,31.91,2218,2019-10,19-20,0,0,72,22.22222222,38.75
pop_07,-111.95,31.91,2218,2019-11,19-20,3.11,78.994,64,17.77777778,26.49
pop_07,-111.95,31.91,2218,2019-12,19-20,1.71,43.434,52.7,11.5,14.43
pop_07,-111.95,31.91,2218,2020-01,19-20,0.7,17.78,52.9,11.61111111,16.93
pop_07,-111.95,31.91,2218,2020-02,19-20,0.56,14.224,52.5,11.38888889,18.97
pop_07,-111.95,31.91,2218,2020-03,19-20,0.82,20.828,59.3,15.16666667,20.23
pop_07,-111.95,31.91,2218,2020-10,20-21,0,0,77.2,25.11111111,51.32
pop_07,-111.95,31.91,2218,2020-11,20-21,0.15,3.81,63.8,17.66666667,30.64
pop_07,-111.95,31.91,2218,2020-12,20-21,0.29,7.366,52.2,11.22222222,19.54
pop_07,-111.95,31.91,2218,2021-01,20-21,1.43,36.322,52.8,11.55555556,19.07
pop_07,-111.95,31.91,2218,2021-02,20-21,0,0,56.2,13.44444444,23.67
pop_07,-111.95,31.91,2218,2021-03,20-21,0.33,8.382,57.8,14.33333333,25.39
pop_07,-111.95,31.91,2218,2021-10,21-22,0.04,1.016,70.5,21.38888889,36.83
pop_07,-111.95,31.91,2218,2021-11,21-22,0.02,0.508,66.3,19.05555556,33.61
pop_07,-111.95,31.91,2218,2021-12,21-22,1.62,41.148,55.6,13.11111111,19.53
pop_07,-111.95,31.91,2218,2022-01,21-22,0.49,12.446,53.5,11.94444444,19.42
pop_07,-111.95,31.91,2218,2022-02,21-22,0.24,6.096,53.8,12.11111111,23.26
pop_07,-111.95,31.91,2218,2022-03,21-22,0.42,10.668,60.8,16,30.17
pop_07,-111.95,31.91,2218,2022-10,22-23,0.59,14.986,71.6,22,35.01
pop_07,-111.95,31.91,2218,2022-11,22-23,0,0,55.3,12.94444444,22.35
pop_07,-111.95,31.91,2218,2022-12,22-23,1.57,39.878,51.5,10.83333333,15.26
pop_07,-111.95,31.91,2218,2023-01,22-23,1.51,38.354,49.4,9.666666667,15.13
pop_07,-111.95,31.91,2218,2023-02,22-23,0.74,18.796,50.5,10.27777778,15.77
pop_07,-111.95,31.91,2218,2023-03,22-23,0.58,14.732,55.5,13.05555556,21.62
pop_08,-111.33,32.58,1857,2013-10,13-14,0.12,3.048,70.7,21.5,38.37
pop_08,-111.33,32.58,1857,2013-11,13-14,3.42,86.868,61.4,16.33333333,23.68
pop_08,-111.33,32.58,1857,2013-12,13-14,0.37,9.398,51.2,10.66666667,16.42
pop_08,-111.33,32.58,1857,2014-01,13-14,0,0,55,12.77777778,21.75
pop_08,-111.33,32.58,1857,2014-02,13-14,0,0,60.4,15.77777778,25.59
pop_08,-111.33,32.58,1857,2014-03,13-14,0.47,11.938,63.1,17.27777778,28.48
pop_08,-111.33,32.58,1857,2014-10,14-15,1.3,33.02,73.7,23.16666667,36.18
pop_08,-111.33,32.58,1857,2014-11,14-15,0,0,61.1,16.16666667,26.31
pop_08,-111.33,32.58,1857,2014-12,14-15,1.68,42.672,52.9,11.61111111,14.65
pop_08,-111.33,32.58,1857,2015-01,14-15,2.18,55.372,54,12.22222222,16.08
pop_08,-111.33,32.58,1857,2015-02,14-15,0.51,12.954,60.1,15.61111111,22.32
pop_08,-111.33,32.58,1857,2015-03,14-15,0.92,23.368,66,18.88888889,31.81
pop_08,-111.33,32.58,1857,2015-10,15-16,1.74,44.196,74.5,23.61111111,34.19
pop_08,-111.33,32.58,1857,2015-11,15-16,0.25,6.35,57.6,14.22222222,22.11
pop_08,-111.33,32.58,1857,2015-12,15-16,0.28,7.112,50,10,16.8
pop_08,-111.33,32.58,1857,2016-01,15-16,1.17,29.718,50.4,10.22222222,15.9
pop_08,-111.33,32.58,1857,2016-02,15-16,0.14,3.556,59.4,15.22222222,28.83
pop_08,-111.33,32.58,1857,2016-03,15-16,0.02,0.508,65.2,18.44444444,33.64
pop_08,-111.33,32.58,1857,2016-10,16-17,0.22,5.588,76.4,24.66666667,43.01
pop_08,-111.33,32.58,1857,2016-11,16-17,0.61,15.494,62.5,16.94444444,25.53
pop_08,-111.33,32.58,1857,2016-12,16-17,1.34,34.036,54.6,12.55555556,16.17
pop_08,-111.33,32.58,1857,2017-01,16-17,1.79,45.466,50.7,10.38888889,12.48
pop_08,-111.33,32.58,1857,2017-02,16-17,0.37,9.398,58.3,14.61111111,21
pop_08,-111.33,32.58,1857,2017-03,16-17,0.18,4.572,67.8,19.88888889,35.14
pop_08,-111.33,32.58,1857,2017-10,17-18,0.06,1.524,75.9,24.38888889,47.33
pop_08,-111.33,32.58,1857,2017-11,17-18,0,0,68.4,20.22222222,31.87
pop_08,-111.33,32.58,1857,2017-12,17-18,0.17,4.318,56.5,13.61111111,21.72
pop_08,-111.33,32.58,1857,2018-01,17-18,0.49,12.446,58.2,14.55555556,24.03
pop_08,-111.33,32.58,1857,2018-02,17-18,1.11,28.194,57.3,14.05555556,21.76
pop_08,-111.33,32.58,1857,2018-03,17-18,0,0,62.7,17.05555556,27.74
pop_08,-111.33,32.58,1857,2018-10,18-19,2.2,55.88,71.3,21.83333333,26.83
pop_08,-111.33,32.58,1857,2018-11,18-19,0.45,11.43,60.6,15.88888889,24.18
pop_08,-111.33,32.58,1857,2018-12,18-19,0.92,23.368,53,11.66666667,15.25
pop_08,-111.33,32.58,1857,2019-01,18-19,1.21,30.734,51.6,10.88888889,15.47
pop_08,-111.33,32.58,1857,2019-02,18-19,2.91,73.914,50.7,10.38888889,13.96
pop_08,-111.33,32.58,1857,2019-03,18-19,0.48,12.192,59.9,15.5,24.59
pop_08,-111.33,32.58,1857,2019-10,19-20,0,0,71.6,22,38.65
pop_08,-111.33,32.58,1857,2019-11,19-20,3.67,93.218,64.4,18,26.47
pop_08,-111.33,32.58,1857,2019-12,19-20,2.59,65.786,52.4,11.33333333,13.72
pop_08,-111.33,32.58,1857,2020-01,19-20,0.34,8.636,52.3,11.27777778,15.57
pop_08,-111.33,32.58,1857,2020-02,19-20,0.99,25.146,54.6,12.55555556,19.89
pop_08,-111.33,32.58,1857,2020-03,19-20,1.65,41.91,60.5,15.83333333,22.25
pop_08,-111.33,32.58,1857,2020-10,20-21,0.02,0.508,78,25.55555556,53.07
pop_08,-111.33,32.58,1857,2020-11,20-21,0.16,4.064,66.1,18.94444444,33.36
pop_08,-111.33,32.58,1857,2020-12,20-21,0.33,8.382,53.3,11.83333333,20.01
pop_08,-111.33,32.58,1857,2021-01,20-21,0.83,21.082,51.6,10.88888889,18.63
pop_08,-111.33,32.58,1857,2021-02,20-21,0,0,57.6,14.22222222,24.12
pop_08,-111.33,32.58,1857,2021-03,20-21,0.29,7.366,61.1,16.16666667,28.37
pop_08,-111.33,32.58,1857,2021-10,21-22,0.03,0.762,70.6,21.44444444,37.44
pop_08,-111.33,32.58,1857,2021-11,21-22,0.02,0.508,66.7,19.27777778,32.85
pop_08,-111.33,32.58,1857,2021-12,21-22,2.09,53.086,55.6,13.11111111,18.01
pop_08,-111.33,32.58,1857,2022-01,21-22,0.83,21.082,52.2,11.22222222,17.79
pop_08,-111.33,32.58,1857,2022-02,21-22,0.52,13.208,53.5,11.94444444,22.41
pop_08,-111.33,32.58,1857,2022-03,21-22,0.14,3.556,60.4,15.77777778,29.81
pop_08,-111.33,32.58,1857,2022-10,22-23,0.54,13.716,72.6,22.55555556,34.64
pop_08,-111.33,32.58,1857,2022-11,22-23,0.21,5.334,56.1,13.38888889,22.19
pop_08,-111.33,32.58,1857,2022-12,22-23,2.86,72.644,51.6,10.88888889,13.32
pop_08,-111.33,32.58,1857,2023-01,22-23,1.46,37.084,50.1,10.05555556,14.4
pop_08,-111.33,32.58,1857,2023-02,22-23,1.92,48.768,52.5,11.38888889,18.67
pop_08,-111.33,32.58,1857,2023-03,22-23,0.62,15.748,57.1,13.94444444,21.42
pop_09,-113.61,34.71,2156,2013-10,13-14,0.1,2.54,64.3,17.94444444,33.87
pop_09,-113.61,34.71,2156,2013-11,13-14,1.04,26.416,57.3,14.05555556,22.91
pop_09,-113.61,34.71,2156,2013-12,13-14,0,0,48.5,9.166666667,17.17
pop_09,-113.61,34.71,2156,2014-01,13-14,0,0,52.1,11.16666667,21.72
pop_09,-113.61,34.71,2156,2014-02,13-14,0.06,1.524,54.7,12.61111111,24.38
pop_09,-113.61,34.71,2156,2014-03,13-14,0.79,20.066,60.2,15.66666667,27.45
pop_09,-113.61,34.71,2156,2014-10,14-15,0.1,2.54,70.6,21.44444444,37.63
pop_09,-113.61,34.71,2156,2014-11,14-15,0,0,57.4,14.11111111,24.21
pop_09,-113.61,34.71,2156,2014-12,14-15,0.91,23.114,50.6,10.33333333,13.39
pop_09,-113.61,34.71,2156,2015-01,14-15,1.15,29.21,52.1,11.16666667,15.55
pop_09,-113.61,34.71,2156,2015-02,14-15,0.22,5.588,58.4,14.66666667,25.11
pop_09,-113.61,34.71,2156,2015-03,14-15,1.77,44.958,61.7,16.5,29.11
pop_09,-113.61,34.71,2156,2015-10,15-16,1.91,48.514,72.1,22.27777778,33.89
pop_09,-113.61,34.71,2156,2015-11,15-16,0.16,4.064,53.8,12.11111111,20.87
pop_09,-113.61,34.71,2156,2015-12,15-16,0.33,8.382,45.9,7.722222222,14.94
pop_09,-113.61,34.71,2156,2016-01,15-16,1.49,37.846,48.8,9.333333333,14.41
pop_09,-113.61,34.71,2156,2016-02,15-16,0.16,4.064,58.1,14.5,27.69
pop_09,-113.61,34.71,2156,2016-03,15-16,0.05,1.27,61.1,16.16666667,29.79
pop_09,-113.61,34.71,2156,2016-10,16-17,0.15,3.81,71.8,22.11111111,39.53
pop_09,-113.61,34.71,2156,2016-11,16-17,0.49,12.446,60.5,15.83333333,26.3
pop_09,-113.61,34.71,2156,2016-12,16-17,3.66,92.964,49.5,9.722222222,14.1
pop_09,-113.61,34.71,2156,2017-01,16-17,2.08,52.832,49.7,9.833333333,12.09
pop_09,-113.61,34.71,2156,2017-02,16-17,1.34,34.036,54.7,12.61111111,17.4
pop_09,-113.61,34.71,2156,2017-03,16-17,0.14,3.556,61.5,16.38888889,30.72
pop_09,-113.61,34.71,2156,2017-10,17-18,0,0,70.6,21.44444444,41.3
pop_09,-113.61,34.71,2156,2017-11,17-18,0,0,62,16.66666667,27.84
pop_09,-113.61,34.71,2156,2017-12,17-18,0,0,52.9,11.61111111,20.32
pop_09,-113.61,34.71,2156,2018-01,17-18,0.61,15.494,55.4,13,21.5
pop_09,-113.61,34.71,2156,2018-02,17-18,0.25,6.35,52.6,11.44444444,20.35
pop_09,-113.61,34.71,2156,2018-03,17-18,0.56,14.224,57.2,14,23.26
pop_09,-113.61,34.71,2156,2018-10,18-19,1.22,30.988,67.9,19.94444444,27.52
pop_09,-113.61,34.71,2156,2018-11,18-19,0,0,57.3,14.05555556,24.71
pop_09,-113.61,34.71,2156,2018-12,18-19,0.23,5.842,50.5,10.27777778,16.49
pop_09,-113.61,34.71,2156,2019-01,18-19,3.01,76.454,50.5,10.27777778,14.05
pop_09,-113.61,34.71,2156,2019-02,18-19,3.16,80.264,46.1,7.833333333,12.76
pop_09,-113.61,34.71,2156,2019-03,18-19,0.75,19.05,57.9,14.38888889,23.33
pop_09,-113.61,34.71,2156,2019-10,19-20,0,0,65.3,18.5,36.07
pop_09,-113.61,34.71,2156,2019-11,19-20,3.48,88.392,59.7,15.38888889,26.15
pop_09,-113.61,34.71,2156,2019-12,19-20,1.06,26.924,48.4,9.111111111,11.23
pop_09,-113.61,34.71,2156,2020-01,19-20,0.02,0.508,50,10,16.09
pop_09,-113.61,34.71,2156,2020-02,19-20,0.46,11.684,50.9,10.5,19.5
pop_09,-113.61,34.71,2156,2020-03,19-20,3.12,79.248,54.9,12.72222222,17.44
pop_09,-113.61,34.71,2156,2020-10,20-21,0,0,72.8,22.66666667,49.14
pop_09,-113.61,34.71,2156,2020-11,20-21,0.21,5.334,58.6,14.77777778,27.13
pop_09,-113.61,34.71,2156,2020-12,20-21,0,0,48.8,9.333333333,18.03
pop_09,-113.61,34.71,2156,2021-01,20-21,1.47,37.338,48.8,9.333333333,16.37
pop_09,-113.61,34.71,2156,2021-02,20-21,0.06,1.524,52.4,11.33333333,20.31
pop_09,-113.61,34.71,2156,2021-03,20-21,0.7,17.78,54.8,12.66666667,23
pop_09,-113.61,34.71,2156,2021-10,21-22,0.35,8.89,66.2,19,31.59
pop_09,-113.61,34.71,2156,2021-11,21-22,0,0,62.1,16.72222222,30.37
pop_09,-113.61,34.71,2156,2021-12,21-22,1.27,32.258,51.1,10.61111111,16.93
pop_09,-113.61,34.71,2156,2022-01,21-22,0.09,2.286,51.4,10.77777778,18.7
pop_09,-113.61,34.71,2156,2022-02,21-22,0.18,4.572,51,10.55555556,20.99
pop_09,-113.61,34.71,2156,2022-03,21-22,0.55,13.97,59.6,15.33333333,28.38
pop_09,-113.61,34.71,2156,2022-10,22-23,0.89,22.606,69.6,20.88888889,34.76
pop_09,-113.61,34.71,2156,2022-11,22-23,0.68,17.272,53.1,11.72222222,19.94
pop_09,-113.61,34.71,2156,2022-12,22-23,0.58,14.732,48.7,9.277777778,14.2
pop_09,-113.61,34.71,2156,2023-01,22-23,3.05,77.47,47.5,8.611111111,12.06
pop_09,-113.61,34.71,2156,2023-02,22-23,1.01,25.654,48,8.888888889,16.18
pop_09,-113.61,34.71,2156,2023-03,22-23,3.05,77.47,51.4,10.77777778,16.37
pop_10,-114.62,34.77,1010,2013-10,13-14,0,0,72,22.22222222,36.93
pop_10,-114.62,34.77,1010,2013-11,13-14,0.78,19.812,63.3,17.38888889,23.48
pop_10,-114.62,34.77,1010,2013-12,13-14,0,0,53.8,12.11111111,16.68
pop_10,-114.62,34.77,1010,2014-01,13-14,0,0,59.2,15.11111111,23.76
pop_10,-114.62,34.77,1010,2014-02,13-14,0.03,0.762,62.9,17.16666667,27.17
pop_10,-114.62,34.77,1010,2014-03,13-14,0.01,0.254,68,20,32.65
pop_10,-114.62,34.77,1010,2014-10,14-15,0.02,0.508,78.9,26.05555556,43.7
pop_10,-114.62,34.77,1010,2014-11,14-15,0,0,64.4,18,27.17
pop_10,-114.62,34.77,1010,2014-12,14-15,0.74,18.796,55.9,13.27777778,14.24
pop_10,-114.62,34.77,1010,2015-01,14-15,1.05,26.67,57,13.88888889,16.66
pop_10,-114.62,34.77,1010,2015-02,14-15,0.23,5.842,64.5,18.05555556,27.84
pop_10,-114.62,34.77,1010,2015-03,14-15,0.81,20.574,70.7,21.5,35.41
pop_10,-114.62,34.77,1010,2015-10,15-16,0.81,20.574,79.6,26.44444444,39.52
pop_10,-114.62,34.77,1010,2015-11,15-16,0.1,2.54,60.7,15.94444444,23.33
pop_10,-114.62,34.77,1010,2015-12,15-16,0.11,2.794,52,11.11111111,15.96
pop_10,-114.62,34.77,1010,2016-01,15-16,0.74,18.796,53.4,11.88888889,14.76
pop_10,-114.62,34.77,1010,2016-02,15-16,0.06,1.524,63.7,17.61111111,28.08
pop_10,-114.62,34.77,1010,2016-03,15-16,0.03,0.762,68.9,20.5,35.24
pop_10,-114.62,34.77,1010,2016-10,16-17,0.13,3.302,79.4,26.33333333,40.71
pop_10,-114.62,34.77,1010,2016-11,16-17,0.15,3.81,67.1,19.5,28.97
pop_10,-114.62,34.77,1010,2016-12,16-17,1.63,41.402,54.8,12.66666667,15.5
pop_10,-114.62,34.77,1010,2017-01,16-17,1.19,30.226,54.6,12.55555556,12.42
pop_10,-114.62,34.77,1010,2017-02,16-17,0.83,21.082,62.5,16.94444444,19.66
pop_10,-114.62,34.77,1010,2017-03,16-17,0.12,3.048,70.4,21.33333333,35.89
pop_10,-114.62,34.77,1010,2017-10,17-18,0,0,78,25.55555556,46.76
pop_10,-114.62,34.77,1010,2017-11,17-18,0,0,68.7,20.38888889,28.27
pop_10,-114.62,34.77,1010,2017-12,17-18,0,0,58.4,14.66666667,21.61
pop_10,-114.62,34.77,1010,2018-01,17-18,0.64,16.256,59.9,15.5,20.88
pop_10,-114.62,34.77,1010,2018-02,17-18,0.03,0.762,59.4,15.22222222,23.45
pop_10,-114.62,34.77,1010,2018-03,17-18,0.05,1.27,65.3,18.5,27.55
pop_10,-114.62,34.77,1010,2018-10,18-19,0.68,17.272,76.4,24.66666667,35.19
pop_10,-114.62,34.77,1010,2018-11,18-19,0.09,2.286,64,17.77777778,26.5
pop_10,-114.62,34.77,1010,2018-12,18-19,0.36,9.144,55.3,12.94444444,15.68
pop_10,-114.62,34.77,1010,2019-01,18-19,1.26,32.004,54.7,12.61111111,14.24
pop_10,-114.62,34.77,1010,2019-02,18-19,1.18,29.972,52.9,11.61111111,14.32
pop_10,-114.62,34.77,1010,2019-03,18-19,0.48,12.192,64.4,18,25.42
pop_10,-114.62,34.77,1010,2019-10,19-20,0,0,73,22.77777778,40.15
pop_10,-114.62,34.77,1010,2019-11,19-20,2.25,57.15,63.7,17.61111111,26.76
pop_10,-114.62,34.77,1010,2019-12,19-20,1.01,25.654,52.7,11.5,10.78
pop_10,-114.62,34.77,1010,2020-01,19-20,0,0,54.9,12.72222222,16.92
pop_10,-114.62,34.77,1010,2020-02,19-20,0.63,16.002,56.5,13.61111111,21.06
pop_10,-114.62,34.77,1010,2020-03,19-20,2.35,59.69,62.3,16.83333333,20.3
pop_10,-114.62,34.77,1010,2020-10,20-21,0,0,78.1,25.61111111,51.03
pop_10,-114.62,34.77,1010,2020-11,20-21,0,0,62.7,17.05555556,27.51
pop_10,-114.62,34.77,1010,2020-12,20-21,0.03,0.762,54.4,12.44444444,18.58
pop_10,-114.62,34.77,1010,2021-01,20-21,0.37,9.398,55.5,13.05555556,16.69
pop_10,-114.62,34.77,1010,2021-02,20-21,0.03,0.762,59.6,15.33333333,22.76
pop_10,-114.62,34.77,1010,2021-03,20-21,0.17,4.318,61.7,16.5,26.52
pop_10,-114.62,34.77,1010,2021-10,21-22,0.23,5.842,73.2,22.88888889,32.58
pop_10,-114.62,34.77,1010,2021-11,21-22,0,0,68.7,20.38888889,30.82
pop_10,-114.62,34.77,1010,2021-12,21-22,0.55,13.97,55.5,13.05555556,16.8
pop_10,-114.62,34.77,1010,2022-01,21-22,0.04,1.016,55.4,13,18.43
pop_10,-114.62,34.77,1010,2022-02,21-22,0,0,58,14.44444444,23.09
pop_10,-114.62,34.77,1010,2022-03,21-22,0.1,2.54,66.2,19,31.91
pop_10,-114.62,34.77,1010,2022-10,22-23,0.4,10.16,77.1,25.05555556,39.59
pop_10,-114.62,34.77,1010,2022-11,22-23,1.01,25.654,58.3,14.61111111,20.27
pop_10,-114.62,34.77,1010,2022-12,22-23,0.51,12.954,53.7,12.05555556,14.46
pop_10,-114.62,34.77,1010,2023-01,22-23,1.02,25.908,52.5,11.38888889,12.5
pop_10,-114.62,34.77,1010,2023-02,22-23,0.55,13.97,54.1,12.27777778,17.53
pop_10,-114.62,34.77,1010,2023-03,22-23,1.35,34.29,58.9,14.94444444,19.06
pop_11,-114.65,34.25,1280,2013-10,13-14,0,0,68.6,20.33333333,36.18
pop_11,-114.65,34.25,1280,2013-11,13-14,0.81,20.574,60.4,15.77777778,23.3
pop_11,-114.65,34.25,1280,2013-12,13-14,0,0,51.2,10.66666667,17.01
pop_11,-114.65,34.25,1280,2014-01,13-14,0,0,56.2,13.44444444,23.92
pop_11,-114.65,34.25,1280,2014-02,13-14,0.01,0.254,59.9,15.5,26.84
pop_11,-114.65,34.25,1280,2014-03,13-14,0.28,7.112,65.1,18.38888889,31.13
pop_11,-114.65,34.25,1280,2014-10,14-15,0.08,2.032,75.7,24.27777778,41.32
pop_11,-114.65,34.25,1280,2014-11,14-15,0,0,61.7,16.5,26.4
pop_11,-114.65,34.25,1280,2014-12,14-15,0.87,22.098,54.2,12.33333333,14.34
pop_11,-114.65,34.25,1280,2015-01,14-15,0.97,24.638,54.6,12.55555556,16.68
pop_11,-114.65,34.25,1280,2015-02,14-15,0.2,5.08,62.9,17.16666667,28.74
pop_11,-114.65,34.25,1280,2015-03,14-15,0.96,24.384,68.1,20.05555556,34.85
pop_11,-114.65,34.25,1280,2015-10,15-16,0.71,18.034,77.2,25.11111111,38.65
pop_11,-114.65,34.25,1280,2015-11,15-16,0.07,1.778,58,14.44444444,23.64
pop_11,-114.65,34.25,1280,2015-12,15-16,0.09,2.286,49.7,9.833333333,15.88
pop_11,-114.65,34.25,1280,2016-01,15-16,0.88,22.352,51.4,10.77777778,14.35
pop_11,-114.65,34.25,1280,2016-02,15-16,0.14,3.556,60.8,16,27.77
pop_11,-114.65,34.25,1280,2016-03,15-16,0.03,0.762,66.1,18.94444444,33.38
pop_11,-114.65,34.25,1280,2016-10,16-17,0.17,4.318,76.7,24.83333333,41.61
pop_11,-114.65,34.25,1280,2016-11,16-17,0.19,4.826,63.8,17.66666667,27.63
pop_11,-114.65,34.25,1280,2016-12,16-17,1.71,43.434,52.5,11.38888889,15.16
pop_11,-114.65,34.25,1280,2017-01,16-17,1.35,34.29,52.1,11.16666667,11.39
pop_11,-114.65,34.25,1280,2017-02,16-17,0.97,24.638,59.6,15.33333333,18.17
pop_11,-114.65,34.25,1280,2017-03,16-17,0.07,1.778,66.6,19.22222222,32.56
pop_11,-114.65,34.25,1280,2017-10,17-18,0,0,74.3,23.5,44.84
pop_11,-114.65,34.25,1280,2017-11,17-18,0,0,65.4,18.55555556,27.84
pop_11,-114.65,34.25,1280,2017-12,17-18,0,0,55.6,13.11111111,21.29
pop_11,-114.65,34.25,1280,2018-01,17-18,0.47,11.938,57.1,13.94444444,20.78
pop_11,-114.65,34.25,1280,2018-02,17-18,0.05,1.27,56,13.33333333,22.17
pop_11,-114.65,34.25,1280,2018-03,17-18,0.17,4.318,61.4,16.33333333,25.59
pop_11,-114.65,34.25,1280,2018-10,18-19,0.99,25.146,72.8,22.66666667,31.05
pop_11,-114.65,34.25,1280,2018-11,18-19,0.08,2.032,60.6,15.88888889,25.9
pop_11,-114.65,34.25,1280,2018-12,18-19,0.57,14.478,52.6,11.44444444,15.22
pop_11,-114.65,34.25,1280,2019-01,18-19,1.47,37.338,52.2,11.22222222,13.64
pop_11,-114.65,34.25,1280,2019-02,18-19,1.45,36.83,50.1,10.05555556,13.6
pop_11,-114.65,34.25,1280,2019-03,18-19,0.6,15.24,61,16.11111111,23.78
pop_11,-114.65,34.25,1280,2019-10,19-20,0,0,69.8,21,39.24
pop_11,-114.65,34.25,1280,2019-11,19-20,2.24,56.896,61.3,16.27777778,27.1
pop_11,-114.65,34.25,1280,2019-12,19-20,0.92,23.368,51.1,10.61111111,10.77
pop_11,-114.65,34.25,1280,2020-01,19-20,0.02,0.508,53.3,11.83333333,16.92
pop_11,-114.65,34.25,1280,2020-02,19-20,0.53,13.462,55.9,13.27777778,21.69
pop_11,-114.65,34.25,1280,2020-03,19-20,2.53,64.262,59.8,15.44444444,18.87
pop_11,-114.65,34.25,1280,2020-10,20-21,0,0,76.3,24.61111111,51.81
pop_11,-114.65,34.25,1280,2020-11,20-21,0,0,60.8,16,28.06
pop_11,-114.65,34.25,1280,2020-12,20-21,0.03,0.762,51.6,10.88888889,18.65
pop_11,-114.65,34.25,1280,2021-01,20-21,0.74,18.796,54,12.22222222,16.88
pop_11,-114.65,34.25,1280,2021-02,20-21,0,0,58.3,14.61111111,21.46
pop_11,-114.65,34.25,1280,2021-03,20-21,0.09,2.286,60.5,15.83333333,25.32
pop_11,-114.65,34.25,1280,2021-10,21-22,0.14,3.556,72.3,22.38888889,32.6
pop_11,-114.65,34.25,1280,2021-11,21-22,0,0,67.1,19.5,30.86
pop_11,-114.65,34.25,1280,2021-12,21-22,0.7,17.78,55.1,12.83333333,16.92
pop_11,-114.65,34.25,1280,2022-01,21-22,0.08,2.032,54.6,12.55555556,18.55
pop_11,-114.65,34.25,1280,2022-02,21-22,0.01,0.254,57.1,13.94444444,22.43
pop_11,-114.65,34.25,1280,2022-03,21-22,0.13,3.302,65.5,18.61111111,30.9
pop_11,-114.65,34.25,1280,2022-10,22-23,0.37,9.398,76.6,24.77777778,37.22
pop_11,-114.65,34.25,1280,2022-11,22-23,0.48,12.192,57.1,13.94444444,20.62
pop_11,-114.65,34.25,1280,2022-12,22-23,0.51,12.954,52.6,11.44444444,14.81
pop_11,-114.65,34.25,1280,2023-01,22-23,1.48,37.592,52.1,11.16666667,12.77
pop_11,-114.65,34.25,1280,2023-02,22-23,0.3,7.62,53.5,11.94444444,17.43
pop_11,-114.65,34.25,1280,2023-03,22-23,0.9,22.86,59.2,15.11111111,19.25
pop_12,-111.82,33.85,3068,2013-10,13-14,0.08,2.032,65.6,18.66666667,29.82
pop_12,-111.82,33.85,3068,2013-11,13-14,2.32,58.928,58.4,14.66666667,19.06
pop_12,-111.82,33.85,3068,2013-12,13-14,0.57,14.478,48.7,9.277777778,13.78
pop_12,-111.82,33.85,3068,2014-01,13-14,0,0,53.9,12.16666667,19.46
pop_12,-111.82,33.85,3068,2014-02,13-14,0,0,57.2,14,20.45
pop_12,-111.82,33.85,3068,2014-03,13-14,2.22,56.388,59.3,15.16666667,22.47
pop_12,-111.82,33.85,3068,2014-10,14-15,0.4,10.16,73.4,23,34.69
pop_12,-111.82,33.85,3068,2014-11,14-15,0,0,60.2,15.66666667,22.46
pop_12,-111.82,33.85,3068,2014-12,14-15,1.44,36.576,52.2,11.22222222,11.62
pop_12,-111.82,33.85,3068,2015-01,14-15,2.01,51.054,52.3,11.27777778,14.3
pop_12,-111.82,33.85,3068,2015-02,14-15,0.09,2.286,57.1,13.94444444,18.65
pop_12,-111.82,33.85,3068,2015-03,14-15,1.54,39.116,63.9,17.72222222,26.02
pop_12,-111.82,33.85,3068,2015-10,15-16,1.5,38.1,72.6,22.55555556,30.42
pop_12,-111.82,33.85,3068,2015-11,15-16,0.64,16.256,56,13.33333333,18.28
pop_12,-111.82,33.85,3068,2015-12,15-16,0.48,12.192,48.9,9.388888889,13.82
pop_12,-111.82,33.85,3068,2016-01,15-16,2.26,57.404,48.9,9.388888889,12.47
pop_12,-111.82,33.85,3068,2016-02,15-16,0.45,11.43,59,15,24.5
pop_12,-111.82,33.85,3068,2016-03,15-16,0,0,62.2,16.77777778,28.25
pop_12,-111.82,33.85,3068,2016-10,16-17,0.32,8.128,75.5,24.16666667,37.92
pop_12,-111.82,33.85,3068,2016-11,16-17,0.97,24.638,62.4,16.88888889,22.65
pop_12,-111.82,33.85,3068,2016-12,16-17,2.26,57.404,51.2,10.66666667,12
pop_12,-111.82,33.85,3068,2017-01,16-17,4.93,125.222,49.3,9.611111111,9.81
pop_12,-111.82,33.85,3068,2017-02,16-17,2.89,73.406,55.7,13.16666667,14.58
pop_12,-111.82,33.85,3068,2017-03,16-17,0.6,15.24,62.9,17.16666667,25.81
pop_12,-111.82,33.85,3068,2017-10,17-18,0,0,74.7,23.72222222,39.64
pop_12,-111.82,33.85,3068,2017-11,17-18,0,0,66,18.88888889,25.52
pop_12,-111.82,33.85,3068,2017-12,17-18,0.24,6.096,56.1,13.38888889,20.12
pop_12,-111.82,33.85,3068,2018-01,17-18,0.69,17.526,57.2,14,20.48
pop_12,-111.82,33.85,3068,2018-02,17-18,0.71,18.034,54.1,12.27777778,18.15
pop_12,-111.82,33.85,3068,2018-03,17-18,0.14,3.556,58.9,14.94444444,21.94
pop_12,-111.82,33.85,3068,2018-10,18-19,6.83,173.482,67.2,19.55555556,21.98
pop_12,-111.82,33.85,3068,2018-11,18-19,0.34,8.636,57.7,14.27777778,19.86
pop_12,-111.82,33.85,3068,2018-12,18-19,0.09,2.286,51.2,10.66666667,13.26
pop_12,-111.82,33.85,3068,2019-01,18-19,1.72,43.688,50.6,10.33333333,13.58
pop_12,-111.82,33.85,3068,2019-02,18-19,4.54,115.316,46.9,8.277777778,10.66
pop_12,-111.82,33.85,3068,2019-03,18-19,1.21,30.734,57,13.88888889,17.92
pop_12,-111.82,33.85,3068,2019-10,19-20,0,0,69.6,20.88888889,33.26
pop_12,-111.82,33.85,3068,2019-11,19-20,3.29,83.566,61.1,16.16666667,22.72
pop_12,-111.82,33.85,3068,2019-12,19-20,1.86,47.244,50.7,10.38888889,11.07
pop_12,-111.82,33.85,3068,2020-01,19-20,0.13,3.302,50.8,10.44444444,13.55
pop_12,-111.82,33.85,3068,2020-02,19-20,2.6,66.04,52.2,11.22222222,16.02
pop_12,-111.82,33.85,3068,2020-03,19-20,3.58,90.932,55.3,12.94444444,14.39
pop_12,-111.82,33.85,3068,2020-10,20-21,0,0,76.4,24.66666667,44.32
pop_12,-111.82,33.85,3068,2020-11,20-21,0.07,1.778,67.4,19.66666667,28.27
pop_12,-111.82,33.85,3068,2020-12,20-21,0.59,14.986,52.8,11.55555556,17.62
pop_12,-111.82,33.85,3068,2021-01,20-21,1.83,46.482,53.9,12.16666667,15.9
pop_12,-111.82,33.85,3068,2021-02,20-21,0.02,0.508,54.2,12.33333333,17.5
pop_12,-111.82,33.85,3068,2021-03,20-21,0.43,10.922,58.6,14.77777778,23
pop_12,-111.82,33.85,3068,2021-10,21-22,0.47,11.938,68,20,26.75
pop_12,-111.82,33.85,3068,2021-11,21-22,0,0,68.4,20.22222222,26.73
pop_12,-111.82,33.85,3068,2021-12,21-22,2.98,75.692,55.3,12.94444444,14.53
pop_12,-111.82,33.85,3068,2022-01,21-22,0.45,11.43,54.9,12.72222222,16.11
pop_12,-111.82,33.85,3068,2022-02,21-22,0.76,19.304,54.4,12.44444444,19.11
pop_12,-111.82,33.85,3068,2022-03,21-22,0.52,13.208,60.6,15.88888889,23.27
pop_12,-111.82,33.85,3068,2022-10,22-23,1.12,28.448,70.6,21.44444444,27.29
pop_12,-111.82,33.85,3068,2022-11,22-23,0.37,9.398,55.7,13.16666667,16.8
pop_12,-111.82,33.85,3068,2022-12,22-23,2.11,53.594,51.8,11,11.54
pop_12,-111.82,33.85,3068,2023-01,22-23,2.15,54.61,48.6,9.222222222,9.88
pop_12,-111.82,33.85,3068,2023-02,22-23,1.37,34.798,50.8,10.44444444,13.16
pop_12,-111.82,33.85,3068,2023-03,22-23,3.14,79.756,53.3,11.83333333,13.51
pop_13,-112.28,33.83,1591,2013-10,13-14,0.1,2.54,70.1,21.16666667,35
pop_13,-112.28,33.83,1591,2013-11,13-14,1.97,50.038,62.9,17.16666667,22.61
pop_13,-112.28,33.83,1591,2013-12,13-14,0.63,16.002,52.8,11.55555556,16.76
pop_13,-112.28,33.83,1591,2014-01,13-14,0,0,57,13.88888889,22.15
pop_13,-112.28,33.83,1591,2014-02,13-14,0,0,60.2,15.66666667,23.23
pop_13,-112.28,33.83,1591,2014-03,13-14,1.44,36.576,64.8,18.22222222,27.58
pop_13,-112.28,33.83,1591,2014-10,14-15,0.41,10.414,75.7,24.27777778,36.54
pop_13,-112.28,33.83,1591,2014-11,14-15,0,0,63,17.22222222,25.62
pop_13,-112.28,33.83,1591,2014-12,14-15,1.62,41.148,54.9,12.72222222,13.93
pop_13,-112.28,33.83,1591,2015-01,14-15,1.23,31.242,55.6,13.11111111,17.01
pop_13,-112.28,33.83,1591,2015-02,14-15,0.17,4.318,62,16.66666667,22.83
pop_13,-112.28,33.83,1591,2015-03,14-15,1.36,34.544,67.9,19.94444444,30.93
pop_13,-112.28,33.83,1591,2015-10,15-16,2.44,61.976,75.4,24.11111111,33.52
pop_13,-112.28,33.83,1591,2015-11,15-16,0.95,24.13,59,15,21.41
pop_13,-112.28,33.83,1591,2015-12,15-16,0.34,8.636,51.6,10.88888889,15.98
pop_13,-112.28,33.83,1591,2016-01,15-16,2.6,66.04,52.6,11.44444444,14.93
pop_13,-112.28,33.83,1591,2016-02,15-16,0.29,7.366,60.8,16,28.01
pop_13,-112.28,33.83,1591,2016-03,15-16,0,0,66.2,19,32.89
pop_13,-112.28,33.83,1591,2016-10,16-17,0.09,2.286,77.6,25.33333333,41.72
pop_13,-112.28,33.83,1591,2016-11,16-17,1.29,32.766,65.1,18.38888889,25.88
pop_13,-112.28,33.83,1591,2016-12,16-17,3,76.2,55.9,13.27777778,15.87
pop_13,-112.28,33.83,1591,2017-01,16-17,2.24,56.896,52.8,11.55555556,12.43
pop_13,-112.28,33.83,1591,2017-02,16-17,2.87,72.898,59.1,15.05555556,18.07
pop_13,-112.28,33.83,1591,2017-03,16-17,0.5,12.7,66.4,19.11111111,31.86
pop_13,-112.28,33.83,1591,2017-10,17-18,0,0,76.5,24.72222222,44.38
pop_13,-112.28,33.83,1591,2017-11,17-18,0,0,68.4,20.22222222,29.23
pop_13,-112.28,33.83,1591,2017-12,17-18,0.08,2.032,57.9,14.38888889,22.54
pop_13,-112.28,33.83,1591,2018-01,17-18,0.8,20.32,58.7,14.83333333,23.24
pop_13,-112.28,33.83,1591,2018-02,17-18,0.71,18.034,56.9,13.83333333,20.97
pop_13,-112.28,33.83,1591,2018-03,17-18,0.31,7.874,62.5,16.94444444,26.93
pop_13,-112.28,33.83,1591,2018-10,18-19,4.25,107.95,70.2,21.22222222,22.77
pop_13,-112.28,33.83,1591,2018-11,18-19,0.32,8.128,59.7,15.38888889,22.92
pop_13,-112.28,33.83,1591,2018-12,18-19,0.25,6.35,53.1,11.72222222,15.16
pop_13,-112.28,33.83,1591,2019-01,18-19,1.61,40.894,52.3,11.27777778,14.41
pop_13,-112.28,33.83,1591,2019-02,18-19,3.8,96.52,50.1,10.05555556,12.6
pop_13,-112.28,33.83,1591,2019-03,18-19,0.82,20.828,60.6,15.88888889,22.86
pop_13,-112.28,33.83,1591,2019-10,19-20,0,0,71.2,21.77777778,37.03
pop_13,-112.28,33.83,1591,2019-11,19-20,3.56,90.424,62.8,17.11111111,24.81
pop_13,-112.28,33.83,1591,2019-12,19-20,2.04,51.816,52.4,11.33333333,12.29
pop_13,-112.28,33.83,1591,2020-01,19-20,0.05,1.27,53,11.66666667,15.57
pop_13,-112.28,33.83,1591,2020-02,19-20,2.07,52.578,54.6,12.55555556,18.06
pop_13,-112.28,33.83,1591,2020-03,19-20,3.81,96.774,59.5,15.27777778,17.89
pop_13,-112.28,33.83,1591,2020-10,20-21,0,0,77.5,25.27777778,49.28
pop_13,-112.28,33.83,1591,2020-11,20-21,0.11,2.794,64.1,17.83333333,30.17
pop_13,-112.28,33.83,1591,2020-12,20-21,0.66,16.764,53.3,11.83333333,19.34
pop_13,-112.28,33.83,1591,2021-01,20-21,1.43,36.322,53.3,11.83333333,17.3
pop_13,-112.28,33.83,1591,2021-02,20-21,0,0,56.5,13.61111111,21.71
pop_13,-112.28,33.83,1591,2021-03,20-21,0.25,6.35,60.6,15.88888889,24.41
pop_13,-112.28,33.83,1591,2021-10,21-22,0.29,7.366,71.4,21.88888889,32.59
pop_13,-112.28,33.83,1591,2021-11,21-22,0,0,67.4,19.66666667,31.98
pop_13,-112.28,33.83,1591,2021-12,21-22,2.22,56.388,56,13.33333333,17.63
pop_13,-112.28,33.83,1591,2022-01,21-22,0.13,3.302,55.1,12.83333333,18.22
pop_13,-112.28,33.83,1591,2022-02,21-22,0.54,13.716,55.7,13.16666667,21.87
pop_13,-112.28,33.83,1591,2022-03,21-22,0.28,7.112,63,17.22222222,29.13
pop_13,-112.28,33.83,1591,2022-10,22-23,1.32,33.528,76,24.44444444,33.41
pop_13,-112.28,33.83,1591,2022-11,22-23,0.24,6.096,60.7,15.94444444,20.06
pop_13,-112.28,33.83,1591,2022-12,22-23,1.62,41.148,55.7,13.16666667,13.14
pop_13,-112.28,33.83,1591,2023-01,22-23,1.66,42.164,52.9,11.61111111,11.56
pop_13,-112.28,33.83,1591,2023-02,22-23,0.77,19.558,55.7,13.16666667,16.86
pop_13,-112.28,33.83,1591,2023-03,22-23,2.51,63.754,58.5,14.72222222,17.46
pop_14,-113.1,34.28,2799,2013-10,13-14,0.2,5.08,66.5,19.16666667,30.64
pop_14,-113.1,34.28,2799,2013-11,13-14,2.13,54.102,58.7,14.83333333,20.14
pop_14,-113.1,34.28,2799,2013-12,13-14,0.47,11.938,49.6,9.777777778,15.09
pop_14,-113.1,34.28,2799,2014-01,13-14,0,0,55,12.77777778,21.1
pop_14,-113.1,34.28,2799,2014-02,13-14,0,0,56.9,13.83333333,21.47
pop_14,-113.1,34.28,2799,2014-03,13-14,1.18,29.972,60.6,15.88888889,24.65
pop_14,-113.1,34.28,2799,2014-10,14-15,0.31,7.874,72.9,22.72222222,33.97
pop_14,-113.1,34.28,2799,2014-11,14-15,0,0,59.6,15.33333333,22.58
pop_14,-113.1,34.28,2799,2014-12,14-15,1.7,43.18,51.3,10.72222222,12.1
pop_14,-113.1,34.28,2799,2015-01,14-15,1.65,41.91,52.1,11.16666667,14.69
pop_14,-113.1,34.28,2799,2015-02,14-15,0.58,14.732,58.8,14.88888889,21.8
pop_14,-113.1,34.28,2799,2015-03,14-15,2.05,52.07,62.1,16.72222222,25.47
pop_14,-113.1,34.28,2799,2015-10,15-16,2.09,53.086,72.2,22.33333333,29.13
pop_14,-113.1,34.28,2799,2015-11,15-16,0.38,9.652,54.9,12.72222222,18.58
pop_14,-113.1,34.28,2799,2015-12,15-16,0.41,10.414,48.6,9.222222222,14.49
pop_14,-113.1,34.28,2799,2016-01,15-16,1.72,43.688,49.7,9.833333333,13.13
pop_14,-113.1,34.28,2799,2016-02,15-16,0.29,7.366,58.3,14.61111111,24.42
pop_14,-113.1,34.28,2799,2016-03,15-16,0.07,1.778,61.8,16.55555556,27.46
pop_14,-113.1,34.28,2799,2016-10,16-17,0.23,5.842,74.5,23.61111111,35.43
pop_14,-113.1,34.28,2799,2016-11,16-17,0.93,23.622,61.5,16.38888889,23.31
pop_14,-113.1,34.28,2799,2016-12,16-17,2.79,70.866,51.5,10.83333333,13.69
pop_14,-113.1,34.28,2799,2017-01,16-17,2.4,60.96,48.7,9.277777778,10.14
pop_14,-113.1,34.28,2799,2017-02,16-17,2.35,59.69,55.2,12.88888889,14.91
pop_14,-113.1,34.28,2799,2017-03,16-17,0.62,15.748,62.3,16.83333333,25.82
pop_14,-113.1,34.28,2799,2017-10,17-18,0,0,74.1,23.38888889,39.23
pop_14,-113.1,34.28,2799,2017-11,17-18,0,0,64.8,18.22222222,25.38
pop_14,-113.1,34.28,2799,2017-12,17-18,0,0,55.8,13.22222222,20.89
pop_14,-113.1,34.28,2799,2018-01,17-18,0.96,24.384,56.2,13.44444444,19.84
pop_14,-113.1,34.28,2799,2018-02,17-18,0.13,3.302,53.4,11.88888889,18.2
pop_14,-113.1,34.28,2799,2018-03,17-18,0.47,11.938,58,14.44444444,21.51
pop_14,-113.1,34.28,2799,2018-10,18-19,2.19,55.626,67.8,19.88888889,22.68
pop_14,-113.1,34.28,2799,2018-11,18-19,0.34,8.636,58.9,14.94444444,22.14
pop_14,-113.1,34.28,2799,2018-12,18-19,0.15,3.81,52,11.11111111,15.1
pop_14,-113.1,34.28,2799,2019-01,18-19,3.18,80.772,50.3,10.16666667,13.16
pop_14,-113.1,34.28,2799,2019-02,18-19,3.62,91.948,46.6,8.111111111,11.13
pop_14,-113.1,34.28,2799,2019-03,18-19,1.17,29.718,57.2,14,19.03
pop_14,-113.1,34.28,2799,2019-10,19-20,0,0,68.2,20.11111111,32.06
pop_14,-113.1,34.28,2799,2019-11,19-20,3.56,90.424,59.9,15.5,22.64
pop_14,-113.1,34.28,2799,2019-12,19-20,2.05,52.07,49.1,9.5,10.51
pop_14,-113.1,34.28,2799,2020-01,19-20,0.04,1.016,51.1,10.61111111,14.54
pop_14,-113.1,34.28,2799,2020-02,19-20,1.01,25.654,52.2,11.22222222,16.78
pop_14,-113.1,34.28,2799,2020-03,19-20,4.28,108.712,54.5,12.5,14.09
pop_14,-113.1,34.28,2799,2020-10,20-21,0,0,76,24.44444444,43.8
pop_14,-113.1,34.28,2799,2020-11,20-21,0.08,2.032,61.5,16.38888889,25.94
pop_14,-113.1,34.28,2799,2020-12,20-21,0.13,3.302,51.6,10.88888889,17.41
pop_14,-113.1,34.28,2799,2021-01,20-21,2.24,56.896,50.2,10.11111111,15.31
pop_14,-113.1,34.28,2799,2021-02,20-21,0,0,54,12.22222222,18.48
pop_14,-113.1,34.28,2799,2021-03,20-21,0.46,11.684,55.5,13.05555556,20.64
pop_14,-113.1,34.28,2799,2021-10,21-22,0.6,15.24,66.3,19.05555556,27.05
pop_14,-113.1,34.28,2799,2021-11,21-22,0,0,64.9,18.27777778,28.65
pop_14,-113.1,34.28,2799,2021-12,21-22,2.48,62.992,52.8,11.55555556,15.46
pop_14,-113.1,34.28,2799,2022-01,21-22,0.28,7.112,51.7,10.94444444,16.44
pop_14,-113.1,34.28,2799,2022-02,21-22,0.32,8.128,52.3,11.27777778,19.21
pop_14,-113.1,34.28,2799,2022-03,21-22,0.54,13.716,59,15,25.23
pop_14,-113.1,34.28,2799,2022-10,22-23,1.39,35.306,69.9,21.05555556,27.72
pop_14,-113.1,34.28,2799,2022-11,22-23,0.57,14.478,53.5,11.94444444,17.14
pop_14,-113.1,34.28,2799,2022-12,22-23,1.17,29.718,50.4,10.22222222,12.65
pop_14,-113.1,34.28,2799,2023-01,22-23,3.31,84.074,47.9,8.833333333,10.56
pop_14,-113.1,34.28,2799,2023-02,22-23,0.99,25.146,49,9.444444444,14.11
pop_14,-113.1,34.28,2799,2023-03,22-23,3.2,81.28,52.3,11.27777778,14.12
pop_15,-111.01,31.93,2992,2013-10,13-14,0,0,67.7,19.83333333,35.45
pop_15,-111.01,31.93,2992,2013-11,13-14,2.1,53.34,60.8,16,23.66
pop_15,-111.01,31.93,2992,2013-12,13-14,0.94,23.876,51.2,10.66666667,17.14
pop_15,-111.01,31.93,2992,2014-01,13-14,0,0,54.8,12.66666667,23.29
pop_15,-111.01,31.93,2992,2014-02,13-14,0.04,1.016,58.4,14.66666667,25.44
pop_15,-111.01,31.93,2992,2014-03,13-14,1.14,28.956,62,16.66666667,26.62
pop_15,-111.01,31.93,2992,2014-10,14-15,1.03,26.162,71.9,22.16666667,35.6
pop_15,-111.01,31.93,2992,2014-11,14-15,0,0,59.5,15.27777778,24.31
pop_15,-111.01,31.93,2992,2014-12,14-15,1.31,33.274,52.3,11.27777778,16.41
pop_15,-111.01,31.93,2992,2015-01,14-15,2.22,56.388,53,11.66666667,17.07
pop_15,-111.01,31.93,2992,2015-02,14-15,0.46,11.684,59.8,15.44444444,23.24
pop_15,-111.01,31.93,2992,2015-03,14-15,0.31,7.874,63.5,17.5,27.79
pop_15,-111.01,31.93,2992,2015-10,15-16,2.12,53.848,71.2,21.77777778,30.94
pop_15,-111.01,31.93,2992,2015-11,15-16,0.16,4.064,56.6,13.66666667,22.1
pop_15,-111.01,31.93,2992,2015-12,15-16,0.66,16.764,49.6,9.777777778,17.5
pop_15,-111.01,31.93,2992,2016-01,15-16,1.37,34.798,50.9,10.5,17.67
pop_15,-111.01,31.93,2992,2016-02,15-16,0.18,4.572,58.1,14.5,29.18
pop_15,-111.01,31.93,2992,2016-03,15-16,0.06,1.524,62.6,17,31.28
pop_15,-111.01,31.93,2992,2016-10,16-17,0.31,7.874,74.4,23.55555556,41.89
pop_15,-111.01,31.93,2992,2016-11,16-17,0.12,3.048,61.6,16.44444444,25.81
pop_15,-111.01,31.93,2992,2016-12,16-17,1.26,32.004,53.3,11.83333333,17.24
pop_15,-111.01,31.93,2992,2017-01,16-17,1.19,30.226,50,10,14.31
pop_15,-111.01,31.93,2992,2017-02,16-17,0.11,2.794,57.5,14.16666667,21.57
pop_15,-111.01,31.93,2992,2017-03,16-17,0.14,3.556,65.7,18.72222222,34.28
pop_15,-111.01,31.93,2992,2017-10,17-18,0,0,74.7,23.72222222,44.61
pop_15,-111.01,31.93,2992,2017-11,17-18,0.14,3.556,66.7,19.27777778,32.51
pop_15,-111.01,31.93,2992,2017-12,17-18,0.53,13.462,54.9,12.72222222,21.59
pop_15,-111.01,31.93,2992,2018-01,17-18,0,0,56.4,13.55555556,24.54
pop_15,-111.01,31.93,2992,2018-02,17-18,2.66,67.564,55,12.77777778,20.67
pop_15,-111.01,31.93,2992,2018-03,17-18,0.06,1.524,59.9,15.5,25.79
pop_15,-111.01,31.93,2992,2018-10,18-19,3.19,81.026,67.4,19.66666667,24.07
pop_15,-111.01,31.93,2992,2018-11,18-19,0.08,2.032,57.5,14.16666667,23.27
pop_15,-111.01,31.93,2992,2018-12,18-19,1.25,31.75,51.2,10.66666667,15.74
pop_15,-111.01,31.93,2992,2019-01,18-19,1.2,30.48,50.6,10.33333333,15.68
pop_15,-111.01,31.93,2992,2019-02,18-19,2.63,66.802,49.6,9.777777778,15.12
pop_15,-111.01,31.93,2992,2019-03,18-19,0.74,18.796,59.4,15.22222222,25.42
pop_15,-111.01,31.93,2992,2019-10,19-20,0,0,69.3,20.72222222,36.39
pop_15,-111.01,31.93,2992,2019-11,19-20,2.62,66.548,61,16.11111111,23.22
pop_15,-111.01,31.93,2992,2019-12,19-20,1.5,38.1,50.9,10.5,15.65
pop_15,-111.01,31.93,2992,2020-01,19-20,0.74,18.796,51.7,10.94444444,17.72
pop_15,-111.01,31.93,2992,2020-02,19-20,0.88,22.352,52.6,11.44444444,18.99
pop_15,-111.01,31.93,2992,2020-03,19-20,0.77,19.558,57.6,14.22222222,21.49
pop_15,-111.01,31.93,2992,2020-10,20-21,0.02,0.508,73.6,23.11111111,47.48
pop_15,-111.01,31.93,2992,2020-11,20-21,0.14,3.556,62.5,16.94444444,31.02
pop_15,-111.01,31.93,2992,2020-12,20-21,0.36,9.144,50.7,10.38888889,19.81
pop_15,-111.01,31.93,2992,2021-01,20-21,1.28,32.512,50.4,10.22222222,18.48
pop_15,-111.01,31.93,2992,2021-02,20-21,0,0,54.2,12.33333333,23.13
pop_15,-111.01,31.93,2992,2021-03,20-21,0.22,5.588,56.9,13.83333333,24.51
pop_15,-111.01,31.93,2992,2021-10,21-22,0.07,1.778,68.1,20.05555556,32.57
pop_15,-111.01,31.93,2992,2021-11,21-22,0,0,63.4,17.44444444,31.07
pop_15,-111.01,31.93,2992,2021-12,21-22,0.68,17.272,54.5,12.5,19.65
pop_15,-111.01,31.93,2992,2022-01,21-22,0.6,15.24,51.5,10.83333333,19.1
pop_15,-111.01,31.93,2992,2022-02,21-22,0.34,8.636,50.9,10.5,21.38
pop_15,-111.01,31.93,2992,2022-03,21-22,0.51,12.954,58.7,14.83333333,29.34
pop_15,-111.01,31.93,2992,2022-10,22-23,0.91,23.114,67.8,19.88888889,26.75
pop_15,-111.01,31.93,2992,2022-11,22-23,0.01,0.254,53.4,11.88888889,20.99
pop_15,-111.01,31.93,2992,2022-12,22-23,1.09,27.686,51,10.55555556,15.92
pop_15,-111.01,31.93,2992,2023-01,22-23,1.1,27.94,49.1,9.5,16.2
pop_15,-111.01,31.93,2992,2023-02,22-23,0.73,18.542,50.3,10.16666667,17.09
pop_15,-111.01,31.93,2992,2023-03,22-23,0.59,14.986,56.4,13.55555556,21.71
pop_16,-109.08,31.93,4373,2013-10,13-14,0,0,61.8,16.55555556,29.15
pop_16,-109.08,31.93,4373,2013-11,13-14,0.88,22.352,52.5,11.38888889,17.39
pop_16,-109.08,31.93,4373,2013-12,13-14,0.54,13.716,44.3,6.833333333,12.81
pop_16,-109.08,31.93,4373,2014-01,13-14,0,0,47.1,8.388888889,17.97
pop_16,-109.08,31.93,4373,2014-02,13-14,0.01,0.254,51.8,11,21.38
pop_16,-109.08,31.93,4373,2014-03,13-14,0.99,25.146,55.2,12.88888889,22.42
pop_16,-109.08,31.93,4373,2014-10,14-15,1.18,29.972,65.1,18.38888889,27.38
pop_16,-109.08,31.93,4373,2014-11,14-15,0.4,10.16,52.1,11.16666667,18.35
pop_16,-109.08,31.93,4373,2014-12,14-15,0.75,19.05,47.3,8.5,13.56
pop_16,-109.08,31.93,4373,2015-01,14-15,1.51,38.354,44.8,7.111111111,12.63
pop_16,-109.08,31.93,4373,2015-02,14-15,0.39,9.906,53,11.66666667,19.35
pop_16,-109.08,31.93,4373,2015-03,14-15,1.21,30.734,56.6,13.66666667,21.73
pop_16,-109.08,31.93,4373,2015-10,15-16,0.89,22.606,65.5,18.61111111,26.42
pop_16,-109.08,31.93,4373,2015-11,15-16,0.7,17.78,51.8,11,18.63
pop_16,-109.08,31.93,4373,2015-12,15-16,0.5,12.7,43.5,6.388888889,13.79
pop_16,-109.08,31.93,4373,2016-01,15-16,1.01,25.654,42.5,5.833333333,12.42
pop_16,-109.08,31.93,4373,2016-02,15-16,0.19,4.826,51.5,10.83333333,23.36
pop_16,-109.08,31.93,4373,2016-03,15-16,0.05,1.27,57.1,13.94444444,27
pop_16,-109.08,31.93,4373,2016-10,16-17,0.25,6.35,67.2,19.55555556,32.5
pop_16,-109.08,31.93,4373,2016-11,16-17,0.5,12.7,54.9,12.72222222,20.59
pop_16,-109.08,31.93,4373,2016-12,16-17,2.02,51.308,47.5,8.611111111,13.47
pop_16,-109.08,31.93,4373,2017-01,16-17,1.9,48.26,44.2,6.777777778,12.27
pop_16,-109.08,31.93,4373,2017-02,16-17,0.68,17.272,51,10.55555556,19.09
pop_16,-109.08,31.93,4373,2017-03,16-17,0.06,1.524,59.2,15.11111111,29.53
pop_16,-109.08,31.93,4373,2017-10,17-18,0.08,2.032,66.9,19.38888889,33.45
pop_16,-109.08,31.93,4373,2017-11,17-18,0.21,5.334,59.8,15.44444444,26.93
pop_16,-109.08,31.93,4373,2017-12,17-18,0.61,15.494,47.5,8.611111111,15.81
pop_16,-109.08,31.93,4373,2018-01,17-18,0.1,2.54,48,8.888888889,17.29
pop_16,-109.08,31.93,4373,2018-02,17-18,1.38,35.052,50.8,10.44444444,18.58
pop_16,-109.08,31.93,4373,2018-03,17-18,0.02,0.508,55.1,12.83333333,23.77
pop_16,-109.08,31.93,4373,2018-10,18-19,3.51,89.154,60.6,15.88888889,19.23
pop_16,-109.08,31.93,4373,2018-11,18-19,0.21,5.334,50.2,10.11111111,18.48
pop_16,-109.08,31.93,4373,2018-12,18-19,1.35,34.29,45,7.222222222,11.92
pop_16,-109.08,31.93,4373,2019-01,18-19,0.81,20.574,43.4,6.333333333,11.92
pop_16,-109.08,31.93,4373,2019-02,18-19,0.74,18.796,45.2,7.333333333,13.7
pop_16,-109.08,31.93,4373,2019-03,18-19,1.2,30.48,54.2,12.33333333,21.83
pop_16,-109.08,31.93,4373,2019-10,19-20,0.09,2.286,62.4,16.88888889,28.08
pop_16,-109.08,31.93,4373,2019-11,19-20,4.41,112.014,53.2,11.77777778,16.75
pop_16,-109.08,31.93,4373,2019-12,19-20,1.87,47.498,44.5,6.944444444,11.32
pop_16,-109.08,31.93,4373,2020-01,19-20,0.36,9.144,45.3,7.388888889,13.87
pop_16,-109.08,31.93,4373,2020-02,19-20,0.96,24.384,46.6,8.111111111,15.07
pop_16,-109.08,31.93,4373,2020-03,19-20,1.8,45.72,53.5,11.94444444,18.57
pop_16,-109.08,31.93,4373,2020-10,20-21,0.24,6.096,65.1,18.38888889,36.77
pop_16,-109.08,31.93,4373,2020-11,20-21,0.08,2.032,55.9,13.27777778,23.17
pop_16,-109.08,31.93,4373,2020-12,20-21,0.58,14.732,43.3,6.277777778,14.31
pop_16,-109.08,31.93,4373,2021-01,20-21,1.21,30.734,43.5,6.388888889,14.12
pop_16,-109.08,31.93,4373,2021-02,20-21,0.09,2.286,47.6,8.666666667,18.73
pop_16,-109.08,31.93,4373,2021-03,20-21,0.35,8.89,51.5,10.83333333,21.49
pop_16,-109.08,31.93,4373,2021-10,21-22,0.63,16.002,61.5,16.38888889,27.22
pop_16,-109.08,31.93,4373,2021-11,21-22,0.19,4.826,54.7,12.61111111,23.73
pop_16,-109.08,31.93,4373,2021-12,21-22,1.13,28.702,48.7,9.277777778,16.29
pop_16,-109.08,31.93,4373,2022-01,21-22,0.66,16.764,43.8,6.555555556,13.11
pop_16,-109.08,31.93,4373,2022-02,21-22,0.05,1.27,43.9,6.611111111,16.89
pop_16,-109.08,31.93,4373,2022-03,21-22,0.21,5.334,51.8,11,23.96
pop_16,-109.08,31.93,4373,2022-10,22-23,2.16,54.864,60,15.55555556,19.93
pop_16,-109.08,31.93,4373,2022-11,22-23,0.05,1.27,47.5,8.611111111,16.66
pop_16,-109.08,31.93,4373,2022-12,22-23,1.31,33.274,45.1,7.277777778,12.8
pop_16,-109.08,31.93,4373,2023-01,22-23,1.43,36.322,43.1,6.166666667,12.61
pop_16,-109.08,31.93,4373,2023-02,22-23,0.62,15.748,44.5,6.944444444,14.12
pop_16,-109.08,31.93,4373,2023-03,22-23,0.33,8.382,51.4,10.77777778,19.56