Name,Longitude,Latitude,Elevation (ft),Date,ppt (inches),tmean (degrees F),tdmean (degrees F),vpdmax (hPa)
OV,-111.0981,32.4402,2828,2013-10,0,69.1,26.8,35.35
OV,-111.0981,32.4402,2828,2013-11,2.77,61.9,34.4,23.14
OV,-111.0981,32.4402,2828,2013-12,0.68,52,28.3,16.08
OV,-111.0981,32.4402,2828,2014-01,0,55.7,20.2,22.12
OV,-111.0981,32.4402,2828,2014-02,0.06,59.1,24.2,24.25
OV,-111.0981,32.4402,2828,2014-03,0.41,62.6,25.8,26.65
OV,-111.0981,32.4402,2828,2014-04,0.07,67.9,19.6,35.14
OV,-111.0981,32.4402,2828,2014-05,0,75.2,21,44.67
OV,-111.0981,32.4402,2828,2014-06,0,86.8,31.7,63.21
OV,-111.0981,32.4402,2828,2014-07,3.34,86.6,53.2,50.26
OV,-111.0981,32.4402,2828,2014-08,2.97,83,55.9,41.74
OV,-111.0981,32.4402,2828,2014-09,3.69,80.8,56.6,36.36
OV,-111.0981,32.4402,2828,2014-10,1.46,73.1,44,33.88
OV,-111.0981,32.4402,2828,2014-11,0,61.9,27.2,24.93
OV,-111.0981,32.4402,2828,2014-12,2.06,53.6,33.5,14.95
OV,-111.0981,32.4402,2828,2015-01,2.18,54,31.9,16.35
OV,-111.0981,32.4402,2828,2015-02,0.4,60.2,35.1,21.84
OV,-111.0981,32.4402,2828,2015-03,0.53,64.8,29.4,28.41
OV,-111.0981,32.4402,2828,2015-04,0.73,67.5,23.8,33.13
OV,-111.0981,32.4402,2828,2015-05,0.64,71.1,30.4,37.67
OV,-111.0981,32.4402,2828,2015-06,0.66,87.1,40.3,59.81
OV,-111.0981,32.4402,2828,2015-07,1.51,85.6,55,46.26
OV,-111.0981,32.4402,2828,2015-08,3.09,87.3,57,50.91
OV,-111.0981,32.4402,2828,2015-09,1.98,81.2,56.7,37.34
OV,-111.0981,32.4402,2828,2015-10,3.83,72.8,48.3,29.94
OV,-111.0981,32.4402,2828,2015-11,0.57,57.4,31.3,21.02
OV,-111.0981,32.4402,2828,2015-12,0.69,50.3,24.3,16.37
OV,-111.0981,32.4402,2828,2016-01,1.54,50.9,27.8,15.66
OV,-111.0981,32.4402,2828,2016-02,0.25,59.4,19.8,28.23
OV,-111.0981,32.4402,2828,2016-03,0.06,64,20.5,31.14
OV,-111.0981,32.4402,2828,2016-04,0.71,65.8,25.8,31.86
OV,-111.0981,32.4402,2828,2016-05,0,72.8,28.2,40.96
OV,-111.0981,32.4402,2828,2016-06,1.91,87.1,35.3,61.22
OV,-111.0981,32.4402,2828,2016-07,1.92,88.4,52.5,54.66
OV,-111.0981,32.4402,2828,2016-08,3.79,83,55,41.29
OV,-111.0981,32.4402,2828,2016-09,1.51,78.8,49.1,38.59
OV,-111.0981,32.4402,2828,2016-10,0.14,75.4,38.5,40.73
OV,-111.0981,32.4402,2828,2016-11,0.83,63.7,31.8,25.07
OV,-111.0981,32.4402,2828,2016-12,2.04,54.2,31.7,15.98
OV,-111.0981,32.4402,2828,2017-01,3.14,51,32.8,12.99
OV,-111.0981,32.4402,2828,2017-02,0.35,57.9,30.9,19.97
OV,-111.0981,32.4402,2828,2017-03,0.17,65.9,26.8,33.14
OV,-111.0981,32.4402,2828,2017-04,0,69.1,20.8,36.94
OV,-111.0981,32.4402,2828,2017-05,0.21,74.1,25.5,44.37
OV,-111.0981,32.4402,2828,2017-06,0,87.5,30.3,66.97
OV,-111.0981,32.4402,2828,2017-07,8.08,85.7,54.7,47.22
OV,-111.0981,32.4402,2828,2017-08,1.15,85,53.2,48.94
OV,-111.0981,32.4402,2828,2017-09,0.2,81.3,43.1,47.68
OV,-111.0981,32.4402,2828,2017-10,0.22,76.5,28.7,44.71
OV,-111.0981,32.4402,2828,2017-11,0,68.3,28.8,31.51
OV,-111.0981,32.4402,2828,2017-12,0.25,56.8,21.2,20.91
OV,-111.0981,32.4402,2828,2018-01,0.88,57.8,20.7,22.87
OV,-111.0981,32.4402,2828,2018-02,2.01,56.7,24.2,20.93
OV,-111.0981,32.4402,2828,2018-03,0.04,60.9,24.6,25.49
OV,-111.0981,32.4402,2828,2018-04,0,71.1,18,40.62
OV,-111.0981,32.4402,2828,2018-05,0.03,77,21.6,49.47
OV,-111.0981,32.4402,2828,2018-06,0.86,85.2,30.7,61.63
OV,-111.0981,32.4402,2828,2018-07,3.89,87.8,53.3,52.46
OV,-111.0981,32.4402,2828,2018-08,2.8,85.8,57.1,45.56
OV,-111.0981,32.4402,2828,2018-09,1.75,84.2,49.6,47.83
OV,-111.0981,32.4402,2828,2018-10,4.27,68.9,49.2,23.18
OV,-111.0981,32.4402,2828,2018-11,0.48,59.6,26.7,22.97
OV,-111.0981,32.4402,2828,2018-12,1.29,52.7,31.3,14.9
OV,-111.0981,32.4402,2828,2019-01,1.32,51.7,31,14.72
OV,-111.0981,32.4402,2828,2019-02,3.61,50.4,31.1,13.44
OV,-111.0981,32.4402,2828,2019-03,0.76,60,29.8,24.29
OV,-111.0981,32.4402,2828,2019-04,0.03,67.8,28.1,34.09
OV,-111.0981,32.4402,2828,2019-05,0.29,68.6,30.3,33.89
OV,-111.0981,32.4402,2828,2019-06,0,83.8,31.1,59.03
OV,-111.0981,32.4402,2828,2019-07,1.16,88.9,48.8,59.11
OV,-111.0981,32.4402,2828,2019-08,0.74,87.9,54.7,53.97
OV,-111.0981,32.4402,2828,2019-09,1.31,81.3,54.4,41.11
OV,-111.0981,32.4402,2828,2019-10,0,71,30.6,36.22
OV,-111.0981,32.4402,2828,2019-11,3.2,63.6,34.6,23.86
OV,-111.0981,32.4402,2828,2019-12,2.42,51.9,33.5,13.84
OV,-111.0981,32.4402,2828,2020-01,0.61,52.9,32.2,16.07
OV,-111.0981,32.4402,2828,2020-02,1.15,53.6,27.2,18.22
OV,-111.0981,32.4402,2828,2020-03,1.38,58.9,34.4,20.5
OV,-111.0981,32.4402,2828,2020-04,0.06,67.6,27.5,35.24
OV,-111.0981,32.4402,2828,2020-05,0.03,78.9,27.1,51.72
OV,-111.0981,32.4402,2828,2020-06,0.01,85.3,28.8,61.97
OV,-111.0981,32.4402,2828,2020-07,0.67,89.9,48.6,58.29
OV,-111.0981,32.4402,2828,2020-08,1.69,91.5,49.5,62.57
OV,-111.0981,32.4402,2828,2020-09,0,84.7,42.7,51.58
OV,-111.0981,32.4402,2828,2020-10,0.01,76,26.3,48.31
OV,-111.0981,32.4402,2828,2020-11,0.34,64.7,27.7,30.61
OV,-111.0981,32.4402,2828,2020-12,0.23,53.4,17.5,19.85
OV,-111.0981,32.4402,2828,2021-01,0.96,52.1,21.8,18.46
OV,-111.0981,32.4402,2828,2021-02,0,56,19.9,23.25
OV,-111.0981,32.4402,2828,2021-03,0.73,58.4,20.8,25.38
OV,-111.0981,32.4402,2828,2021-04,0.17,70,22,37.69
OV,-111.0981,32.4402,2828,2021-05,0,76.5,21,48.89
OV,-111.0981,32.4402,2828,2021-06,0.02,88.4,34.3,65.56
OV,-111.0981,32.4402,2828,2021-07,6.08,84.5,63.1,41.72
OV,-111.0981,32.4402,2828,2021-08,4.29,83.9,63.5,39.54
OV,-111.0981,32.4402,2828,2021-09,2.12,81.3,55.7,41.86
OV,-111.0981,32.4402,2828,2021-10,0.03,69.3,35.8,34.34
OV,-111.0981,32.4402,2828,2021-11,0.07,65.8,29.3,31.64
OV,-111.0981,32.4402,2828,2021-12,1.79,56,35.3,18.39
OV,-111.0981,32.4402,2828,2022-01,1.17,53.1,28.9,17.78
OV,-111.0981,32.4402,2828,2022-02,0.33,53,18.3,21.2
OV,-111.0981,32.4402,2828,2022-03,0.5,60.3,19.1,28.5
OV,-111.0981,32.4402,2828,2022-04,0,69.7,19.2,39.89
OV,-111.0981,32.4402,2828,2022-05,0,77.2,22.6,50.95
OV,-111.0981,32.4402,2828,2022-06,0.2,86.5,42.9,57.94
OV,-111.0981,32.4402,2828,2022-07,2.93,88.2,58.4,51.73
OV,-111.0981,32.4402,2828,2022-08,4.48,83.4,64.9,36.9
OV,-111.0981,32.4402,2828,2022-09,1.9,82.9,56.3,43.65
OV,-111.0981,32.4402,2828,2022-10,0.75,70.6,43.7,30.08
OV,-111.0981,32.4402,2828,2022-11,0.08,56.4,26.5,21.97
OV,-111.0981,32.4402,2828,2022-12,2.41,52.5,35.3,15.02
OV,-111.0981,32.4402,2828,2023-01,2.23,50,30.5,14.85
OV,-111.0981,32.4402,2828,2023-02,1.3,51.8,26.5,17.04
OV,-111.0981,32.4402,2828,2023-03,0.73,56.5,32,20.14
BM,-111.1645,32.2405,3045,2013-10,0,69.1,26.6,34.2
BM,-111.1645,32.2405,3045,2013-11,2.54,61.7,34,22.18
BM,-111.1645,32.2405,3045,2013-12,0.45,51.8,27.8,15.41
BM,-111.1645,32.2405,3045,2014-01,0,55.2,19,21.47
BM,-111.1645,32.2405,3045,2014-02,0.01,58.5,23.6,23.67
BM,-111.1645,32.2405,3045,2014-03,0.41,62.2,25.1,25.6
BM,-111.1645,32.2405,3045,2014-04,0,67.2,18.7,34.5
BM,-111.1645,32.2405,3045,2014-05,0,75,20.3,43.56
BM,-111.1645,32.2405,3045,2014-06,0,86.2,29.9,62.63
BM,-111.1645,32.2405,3045,2014-07,2.97,85.3,52.4,47.43
BM,-111.1645,32.2405,3045,2014-08,3.91,82.4,55.5,40.77
BM,-111.1645,32.2405,3045,2014-09,1.91,80.4,55.6,36.51
BM,-111.1645,32.2405,3045,2014-10,1.82,73,43.6,33.41
BM,-111.1645,32.2405,3045,2014-11,0,61.3,26.9,24.33
BM,-111.1645,32.2405,3045,2014-12,1.62,53.3,33.2,14.59
BM,-111.1645,32.2405,3045,2015-01,2.56,53.8,30.9,15.81
BM,-111.1645,32.2405,3045,2015-02,0.55,59.7,36.5,20.11
BM,-111.1645,32.2405,3045,2015-03,0.52,64.2,29.4,27.11
BM,-111.1645,32.2405,3045,2015-04,0.15,67,23.3,32.45
BM,-111.1645,32.2405,3045,2015-05,0.36,70.6,30.8,36.42
BM,-111.1645,32.2405,3045,2015-06,0.23,86.1,39.8,59.38
BM,-111.1645,32.2405,3045,2015-07,0.91,84.9,54.5,45.4
BM,-111.1645,32.2405,3045,2015-08,1.71,87.2,56.2,51.51
BM,-111.1645,32.2405,3045,2015-09,2.06,80.7,56.3,36.34
BM,-111.1645,32.2405,3045,2015-10,2.44,72.8,47.8,29.78
BM,-111.1645,32.2405,3045,2015-11,0.69,57.4,30.7,20.54
BM,-111.1645,32.2405,3045,2015-12,0.46,50.2,23.8,15.97
BM,-111.1645,32.2405,3045,2016-01,1.47,50.6,26.7,15.32
BM,-111.1645,32.2405,3045,2016-02,0.17,59.7,19.4,28.08
BM,-111.1645,32.2405,3045,2016-03,0.08,63.3,20.5,30.33
BM,-111.1645,32.2405,3045,2016-04,0.28,65.7,25.1,31.86
BM,-111.1645,32.2405,3045,2016-05,0,72.2,28.3,40.04
BM,-111.1645,32.2405,3045,2016-06,1.55,85.9,35.4,60.71
BM,-111.1645,32.2405,3045,2016-07,1.73,87.7,52.6,53.79
BM,-111.1645,32.2405,3045,2016-08,2.7,82.5,55.1,40.22
BM,-111.1645,32.2405,3045,2016-09,1.61,78.8,48.9,38.85
BM,-111.1645,32.2405,3045,2016-10,0.63,75.2,38.3,40.57
BM,-111.1645,32.2405,3045,2016-11,0.72,63.8,32,24.16
BM,-111.1645,32.2405,3045,2016-12,1.32,54.2,31.7,15.44
BM,-111.1645,32.2405,3045,2017-01,1.14,50.7,32,12.8
BM,-111.1645,32.2405,3045,2017-02,0.09,57.6,30.6,19.39
BM,-111.1645,32.2405,3045,2017-03,0.11,65.3,26.5,32.17
BM,-111.1645,32.2405,3045,2017-04,0,69,20.2,37.6
BM,-111.1645,32.2405,3045,2017-05,0.15,74,25.5,43.31
BM,-111.1645,32.2405,3045,2017-06,0,87.1,29.6,66.85
BM,-111.1645,32.2405,3045,2017-07,3.3,85.4,54.5,47.27
BM,-111.1645,32.2405,3045,2017-08,2.87,84.8,53.7,48.01
BM,-111.1645,32.2405,3045,2017-09,0.02,80.9,43.1,46.43
BM,-111.1645,32.2405,3045,2017-10,0.01,76.8,29,43.77
BM,-111.1645,32.2405,3045,2017-11,0.02,68,28.5,30.72
BM,-111.1645,32.2405,3045,2017-12,0.39,56.9,20.7,20.56
BM,-111.1645,32.2405,3045,2018-01,0.24,57.6,20.1,22.39
BM,-111.1645,32.2405,3045,2018-02,1.64,56.4,23.8,20.23
BM,-111.1645,32.2405,3045,2018-03,0.03,60.1,24.2,24.56
BM,-111.1645,32.2405,3045,2018-04,0,70.7,17.6,40.13
BM,-111.1645,32.2405,3045,2018-05,0,76.6,21.8,48.58
BM,-111.1645,32.2405,3045,2018-06,1.44,84.8,30.2,60.59
BM,-111.1645,32.2405,3045,2018-07,1.07,87.2,52.6,51.56
BM,-111.1645,32.2405,3045,2018-08,3.67,84.8,56.7,44.42
BM,-111.1645,32.2405,3045,2018-09,1.62,83.5,49.1,47.68
BM,-111.1645,32.2405,3045,2018-10,4.42,68.4,48.7,22.42
BM,-111.1645,32.2405,3045,2018-11,0.39,58.9,26.3,21.51
BM,-111.1645,32.2405,3045,2018-12,1.13,52.5,30.9,14.01
BM,-111.1645,32.2405,3045,2019-01,1.04,51.4,30,13.81
BM,-111.1645,32.2405,3045,2019-02,2.56,50.2,30.4,12.78
BM,-111.1645,32.2405,3045,2019-03,0.53,59.6,30,23.38
BM,-111.1645,32.2405,3045,2019-04,0.05,67.1,25.6,34.43
BM,-111.1645,32.2405,3045,2019-05,0.25,68,29.4,33.62
BM,-111.1645,32.2405,3045,2019-06,0.04,82.3,29.4,58.61
BM,-111.1645,32.2405,3045,2019-07,1.64,88.2,48.6,57.37
BM,-111.1645,32.2405,3045,2019-08,1.45,87.2,54.1,52.24
BM,-111.1645,32.2405,3045,2019-09,2.15,80.7,54.1,40.89
BM,-111.1645,32.2405,3045,2019-10,0,70.8,29.7,35.66
BM,-111.1645,32.2405,3045,2019-11,3.05,63.2,33.6,23.19
BM,-111.1645,32.2405,3045,2019-12,1.33,51.6,32.7,13.19
BM,-111.1645,32.2405,3045,2020-01,0.44,52.2,30.9,15.58
BM,-111.1645,32.2405,3045,2020-02,0.66,52.7,25.4,17.5
BM,-111.1645,32.2405,3045,2020-03,1.25,57.8,33.4,19.7
BM,-111.1645,32.2405,3045,2020-04,0.15,66.4,25.7,34.33
BM,-111.1645,32.2405,3045,2020-05,0.05,78.3,25.2,52.12
BM,-111.1645,32.2405,3045,2020-06,0,84.3,26.7,62.02
BM,-111.1645,32.2405,3045,2020-07,0.59,88.9,48.4,57.92
BM,-111.1645,32.2405,3045,2020-08,1.02,90.3,49.6,62.5
BM,-111.1645,32.2405,3045,2020-09,0,83.8,40.2,51.37
BM,-111.1645,32.2405,3045,2020-10,0,75.5,23.8,47.17
BM,-111.1645,32.2405,3045,2020-11,0.3,63.8,26.2,29.17
BM,-111.1645,32.2405,3045,2020-12,0.19,52.9,15.3,19.19
BM,-111.1645,32.2405,3045,2021-01,1.1,52.5,20,18.28
BM,-111.1645,32.2405,3045,2021-02,0,56,17.3,22.78
BM,-111.1645,32.2405,3045,2021-03,0.71,57.2,19.1,24.03
BM,-111.1645,32.2405,3045,2021-04,0.1,68.9,18.2,36.71
BM,-111.1645,32.2405,3045,2021-05,0,75.6,18.1,47.28
BM,-111.1645,32.2405,3045,2021-06,0.04,87.3,30.7,64.21
BM,-111.1645,32.2405,3045,2021-07,6.29,82.9,61.7,38.79
BM,-111.1645,32.2405,3045,2021-08,4.04,82.5,61.7,37.11
BM,-111.1645,32.2405,3045,2021-09,0.65,80.6,53,41.58
BM,-111.1645,32.2405,3045,2021-10,0.05,68.4,34.1,33.97
BM,-111.1645,32.2405,3045,2021-11,0.02,65.9,26.1,32.13
BM,-111.1645,32.2405,3045,2021-12,1.62,55.9,33.8,18.29
BM,-111.1645,32.2405,3045,2022-01,0.51,53,26.5,17.99
BM,-111.1645,32.2405,3045,2022-02,0.39,52.9,15.8,20.65
BM,-111.1645,32.2405,3045,2022-03,0.15,59,15.3,27.56
BM,-111.1645,32.2405,3045,2022-04,0,68.6,14.7,39.4
BM,-111.1645,32.2405,3045,2022-05,0,76.3,18.2,50.43
BM,-111.1645,32.2405,3045,2022-06,0.25,85.5,40.6,57.54
BM,-111.1645,32.2405,3045,2022-07,1.68,87.1,55.9,51.24
BM,-111.1645,32.2405,3045,2022-08,3.35,83.1,62.9,37.81
BM,-111.1645,32.2405,3045,2022-09,1.26,82.3,54.6,42.71
BM,-111.1645,32.2405,3045,2022-10,0.37,70.1,40.8,29.95
BM,-111.1645,32.2405,3045,2022-11,0,56.2,24.3,22.04
BM,-111.1645,32.2405,3045,2022-12,2.19,52.5,33.9,15.33
BM,-111.1645,32.2405,3045,2023-01,1.09,49.9,28,15.14
BM,-111.1645,32.2405,3045,2023-02,1.04,51.1,24.9,16.47
BM,-111.1645,32.2405,3045,2023-03,0.68,55.7,29.6,19.67
AJ,-112.8951,32.3454,1906,2013-10,0,76.4,25.7,36.76
AJ,-112.8951,32.3454,1906,2013-11,2.59,63.9,33.3,23.47
AJ,-112.8951,32.3454,1906,2013-12,0.07,53.2,26.8,15.77
AJ,-112.8951,32.3454,1906,2014-01,0,59.8,21.1,23.4
AJ,-112.8951,32.3454,1906,2014-02,0,67.7,25.6,26.62
AJ,-112.8951,32.3454,1906,2014-03,0.47,67.2,25.9,28.05
AJ,-112.8951,32.3454,1906,2014-04,0,71.9,20,37.74
AJ,-112.8951,32.3454,1906,2014-05,0,79.1,21.6,48.56
AJ,-112.8951,32.3454,1906,2014-06,0,88.7,28.2,64.58
AJ,-112.8951,32.3454,1906,2014-07,1.61,90.9,50.3,59.08
AJ,-112.8951,32.3454,1906,2014-08,4.57,86.3,54.9,47.1
AJ,-112.8951,32.3454,1906,2014-09,1.01,86.4,52.5,47.62
AJ,-112.8951,32.3454,1906,2014-10,1.26,81,44.7,37.25
AJ,-112.8951,32.3454,1906,2014-11,0,68.6,25.8,26.81
AJ,-112.8951,32.3454,1906,2014-12,1.25,59.4,34.1,14.9
AJ,-112.8951,32.3454,1906,2015-01,0.99,56.2,31.5,15.77
AJ,-112.8951,32.3454,1906,2015-02,0.49,67.5,35.5,23.04
AJ,-112.8951,32.3454,1906,2015-03,1.09,68.6,30.9,31.31
AJ,-112.8951,32.3454,1906,2015-04,0.03,70.5,22.2,35.63
AJ,-112.8951,32.3454,1906,2015-05,0.79,73.3,33.4,36.36
AJ,-112.8951,32.3454,1906,2015-06,0.41,89,37.6,63.24
AJ,-112.8951,32.3454,1906,2015-07,0.64,88.9,50.7,52.76
AJ,-112.8951,32.3454,1906,2015-08,0.37,92.7,53.4,61.46
AJ,-112.8951,32.3454,1906,2015-09,1.13,87,53.8,46.6
AJ,-112.8951,32.3454,1906,2015-10,0.48,76.5,47.5,35.75
AJ,-112.8951,32.3454,1906,2015-11,0.05,64.3,26.1,23.38
AJ,-112.8951,32.3454,1906,2015-12,0.18,57.1,19.4,17.52
AJ,-112.8951,32.3454,1906,2016-01,1.34,54.3,28.1,16.65
AJ,-112.8951,32.3454,1906,2016-02,0.13,63.5,19.1,30.5
AJ,-112.8951,32.3454,1906,2016-03,0.04,71.6,21.2,34.04
AJ,-112.8951,32.3454,1906,2016-04,0.4,72.4,26.8,34.56
AJ,-112.8951,32.3454,1906,2016-05,0.11,75.3,32.4,39.08
AJ,-112.8951,32.3454,1906,2016-06,0.11,90.6,35.7,64.94
AJ,-112.8951,32.3454,1906,2016-07,0,93.6,49.7,65.23
AJ,-112.8951,32.3454,1906,2016-08,1.57,89.9,53.8,55.55
AJ,-112.8951,32.3454,1906,2016-09,1.08,83.4,45.8,46.29
AJ,-112.8951,32.3454,1906,2016-10,0,84.1,36.6,44.96
AJ,-112.8951,32.3454,1906,2016-11,0.41,66.7,31.9,26.17
AJ,-112.8951,32.3454,1906,2016-12,1.55,57.3,31.2,15.72
AJ,-112.8951,32.3454,1906,2017-01,0.54,54.3,34.1,12.78
AJ,-112.8951,32.3454,1906,2017-02,0.65,61.8,35.1,19.64
AJ,-112.8951,32.3454,1906,2017-03,0.03,69.8,28.1,34.62
AJ,-112.8951,32.3454,1906,2017-04,0,75.5,19.5,40.67
AJ,-112.8951,32.3454,1906,2017-05,0.07,78.8,25.5,46.06
AJ,-112.8951,32.3454,1906,2017-06,0,92,29.3,69.18
AJ,-112.8951,32.3454,1906,2017-07,0.9,92.8,52.8,58.89
AJ,-112.8951,32.3454,1906,2017-08,1.74,91.8,52.6,59.08
AJ,-112.8951,32.3454,1906,2017-09,0.25,83.3,40.5,49.66
AJ,-112.8951,32.3454,1906,2017-10,0,78.3,24.8,48.36
AJ,-112.8951,32.3454,1906,2017-11,0,72.7,29.2,32.71
AJ,-112.8951,32.3454,1906,2017-12,0.39,64.7,15.2,22.77
AJ,-112.8951,32.3454,1906,2018-01,0.21,62,20,25.19
AJ,-112.8951,32.3454,1906,2018-02,0.67,59.1,23,21.85
AJ,-112.8951,32.3454,1906,2018-03,0,64.7,22.9,27.88
AJ,-112.8951,32.3454,1906,2018-04,0,75.8,17.9,44.88
AJ,-112.8951,32.3454,1906,2018-05,0,78.7,23.6,48.28
AJ,-112.8951,32.3454,1906,2018-06,0.18,88.7,28.1,63.87
AJ,-112.8951,32.3454,1906,2018-07,3.08,91.8,51.3,60.53
AJ,-112.8951,32.3454,1906,2018-08,1.04,91.4,55.4,58.65
AJ,-112.8951,32.3454,1906,2018-09,0,90.5,46.2,59.85
AJ,-112.8951,32.3454,1906,2018-10,5.27,71.9,49.6,25.09
AJ,-112.8951,32.3454,1906,2018-11,0.11,62.7,27.5,23.9
AJ,-112.8951,32.3454,1906,2018-12,0.49,59.7,29.6,15.45
AJ,-112.8951,32.3454,1906,2019-01,0.76,54.2,31.1,14.7
AJ,-112.8951,32.3454,1906,2019-02,2.64,51.9,29.4,13.72
AJ,-112.8951,32.3454,1906,2019-03,0.78,62.7,32.5,25.23
AJ,-112.8951,32.3454,1906,2019-04,0.04,72.5,29,39.2
AJ,-112.8951,32.3454,1906,2019-05,0.19,71.9,32.9,37.06
AJ,-112.8951,32.3454,1906,2019-06,0,87.2,29.9,63.64
AJ,-112.8951,32.3454,1906,2019-07,0.42,93.2,43.8,67.93
AJ,-112.8951,32.3454,1906,2019-08,0.13,93.6,49.5,68.71
AJ,-112.8951,32.3454,1906,2019-09,1.88,86.1,54.2,51.45
AJ,-112.8951,32.3454,1906,2019-10,0,74.3,24.1,41.24
AJ,-112.8951,32.3454,1906,2019-11,1.96,67,31.1,28.33
AJ,-112.8951,32.3454,1906,2019-12,1.49,53.8,35.6,14.49
AJ,-112.8951,32.3454,1906,2020-01,0.38,59.1,31.7,17.49
AJ,-112.8951,32.3454,1906,2020-02,1.01,57.5,27.2,21
AJ,-112.8951,32.3454,1906,2020-03,2.72,60.6,38.5,19.37
AJ,-112.8951,32.3454,1906,2020-04,0.35,70.5,29,36.18
AJ,-112.8951,32.3454,1906,2020-05,0,82.7,26.4,57.98
AJ,-112.8951,32.3454,1906,2020-06,0,88.2,27.2,64.52
AJ,-112.8951,32.3454,1906,2020-07,0,94.3,43.7,68.7
AJ,-112.8951,32.3454,1906,2020-08,2.27,95.7,57.9,67.54
AJ,-112.8951,32.3454,1906,2020-09,0,88.3,45.1,57.86
AJ,-112.8951,32.3454,1906,2020-10,0,80.2,30.8,52.26
AJ,-112.8951,32.3454,1906,2020-11,0,67.7,25,30.92
AJ,-112.8951,32.3454,1906,2020-12,0.18,56.3,14.3,19.97
AJ,-112.8951,32.3454,1906,2021-01,0.88,55.7,21.6,20.68
AJ,-112.8951,32.3454,1906,2021-02,0,59.9,23.7,24.72
AJ,-112.8951,32.3454,1906,2021-03,0.2,62.1,20.6,25.28
AJ,-112.8951,32.3454,1906,2021-04,0,73.7,24.3,40.03
AJ,-112.8951,32.3454,1906,2021-05,0,80.3,22.6,52.02
AJ,-112.8951,32.3454,1906,2021-06,0.33,90.9,37.9,66.26
AJ,-112.8951,32.3454,1906,2021-07,3.1,90.8,64.8,50.09
AJ,-112.8951,32.3454,1906,2021-08,3.61,88.9,62.2,47.24
AJ,-112.8951,32.3454,1906,2021-09,0.94,85.7,56.9,47.15
AJ,-112.8951,32.3454,1906,2021-10,0.21,72.7,39,36.05
AJ,-112.8951,32.3454,1906,2021-11,0,70.2,31.8,34.68
AJ,-112.8951,32.3454,1906,2021-12,0.45,58.3,34.8,19.09
AJ,-112.8951,32.3454,1906,2022-01,0,56.4,28.4,19.7
AJ,-112.8951,32.3454,1906,2022-02,0.24,57.1,19.5,22.8
AJ,-112.8951,32.3454,1906,2022-03,0.01,65.2,20.9,29.86
AJ,-112.8951,32.3454,1906,2022-04,0,73.2,23.6,40.09
AJ,-112.8951,32.3454,1906,2022-05,0,79.6,26.7,47.53
AJ,-112.8951,32.3454,1906,2022-06,0.14,90.1,44.7,59.03
AJ,-112.8951,32.3454,1906,2022-07,1.37,93.1,56.6,57.08
AJ,-112.8951,32.3454,1906,2022-08,3.49,88.2,67.2,41.54
AJ,-112.8951,32.3454,1906,2022-09,1.29,87.3,59.9,47.96
AJ,-112.8951,32.3454,1906,2022-10,0.61,75.8,46,35.29
AJ,-112.8951,32.3454,1906,2022-11,0,60.5,26.8,23.44
AJ,-112.8951,32.3454,1906,2022-12,0.81,55.1,36.2,15.12
AJ,-112.8951,32.3454,1906,2023-01,1.33,53.6,32.3,14.32
AJ,-112.8951,32.3454,1906,2023-02,0.97,53.9,31.1,15.77
AJ,-112.8951,32.3454,1906,2023-03,0.15,59.3,32.7,20.84
VJ,-114.6441,34.2485,1165,2013-10,0,68.8,23.7,36.53
VJ,-114.6441,34.2485,1165,2013-11,0.82,60.7,29.3,24.07
VJ,-114.6441,34.2485,1165,2013-12,0,51.3,20.7,17.44
VJ,-114.6441,34.2485,1165,2014-01,0,56.3,14.2,24.61
VJ,-114.6441,34.2485,1165,2014-02,0.01,60.3,22.3,27.89
VJ,-114.6441,34.2485,1165,2014-03,0.34,65.4,20.4,32.03
VJ,-114.6441,34.2485,1165,2014-04,0.03,70.9,19.9,39.41
VJ,-114.6441,34.2485,1165,2014-05,0,78.5,22.6,50.61
VJ,-114.6441,34.2485,1165,2014-06,0,88.9,24.8,68.97
VJ,-114.6441,34.2485,1165,2014-07,0.5,94.2,47.8,69.12
VJ,-114.6441,34.2485,1165,2014-08,1.7,89.3,50.4,58.38
VJ,-114.6441,34.2485,1165,2014-09,0.9,87,49.6,54.31
VJ,-114.6441,34.2485,1165,2014-10,0.1,75.8,34.6,41.72
VJ,-114.6441,34.2485,1165,2014-11,0,61.9,22.2,27.11
VJ,-114.6441,34.2485,1165,2014-12,0.98,54.4,32.7,14.91
VJ,-114.6441,34.2485,1165,2015-01,1,54.8,29.4,17.13
VJ,-114.6441,34.2485,1165,2015-02,0.18,63.2,30.3,29.72
VJ,-114.6441,34.2485,1165,2015-03,0.99,68.4,29.8,35.94
VJ,-114.6441,34.2485,1165,2015-04,0.09,69.8,20.6,37.72
VJ,-114.6441,34.2485,1165,2015-05,0.23,74,32.5,39.73
VJ,-114.6441,34.2485,1165,2015-06,0.08,90.6,31.9,70.49
VJ,-114.6441,34.2485,1165,2015-07,0.65,90.9,45.5,62.38
VJ,-114.6441,34.2485,1165,2015-08,0.12,94.4,46.4,71.94
VJ,-114.6441,34.2485,1165,2015-09,0,88.7,47.1,56.91
VJ,-114.6441,34.2485,1165,2015-10,0.66,77.2,44.5,38.79
VJ,-114.6441,34.2485,1165,2015-11,0.08,58.3,20.2,24.49
VJ,-114.6441,34.2485,1165,2015-12,0.13,49.8,18.2,16.38
VJ,-114.6441,34.2485,1165,2016-01,0.94,51.5,28.3,14.75
VJ,-114.6441,34.2485,1165,2016-02,0.14,61,20.9,28.31
VJ,-114.6441,34.2485,1165,2016-03,0.03,66.4,22.3,34.1
VJ,-114.6441,34.2485,1165,2016-04,0.74,70.7,28.7,35.24
VJ,-114.6441,34.2485,1165,2016-05,0.04,75.8,33.9,41.82
VJ,-114.6441,34.2485,1165,2016-06,0,92.3,34.9,73.45
VJ,-114.6441,34.2485,1165,2016-07,0.11,95.8,45.2,73.36
VJ,-114.6441,34.2485,1165,2016-08,0.52,92.4,51.2,63.12
VJ,-114.6441,34.2485,1165,2016-09,0.3,83.1,38,51.26
VJ,-114.6441,34.2485,1165,2016-10,0.15,76.7,35.8,41.95
VJ,-114.6441,34.2485,1165,2016-11,0.18,63.9,26.9,28.31
VJ,-114.6441,34.2485,1165,2016-12,1.86,52.6,24.6,15.53
VJ,-114.6441,34.2485,1165,2017-01,1.47,52.2,34.9,11.56
VJ,-114.6441,34.2485,1165,2017-02,0.93,59.8,36.6,18.65
VJ,-114.6441,34.2485,1165,2017-03,0.07,66.9,32.4,33.12
VJ,-114.6441,34.2485,1165,2017-04,0,71.3,24.9,38.06
VJ,-114.6441,34.2485,1165,2017-05,0.22,76.8,28.7,48.25
VJ,-114.6441,34.2485,1165,2017-06,0,90.8,30,76.32
VJ,-114.6441,34.2485,1165,2017-07,0.06,96.4,52.4,69.79
VJ,-114.6441,34.2485,1165,2017-08,0.57,93,49,65.66
VJ,-114.6441,34.2485,1165,2017-09,0.42,83.8,43.8,50.39
VJ,-114.6441,34.2485,1165,2017-10,0,74.3,21.3,45.18
VJ,-114.6441,34.2485,1165,2017-11,0,65.3,29.9,28.25
VJ,-114.6441,34.2485,1165,2017-12,0,55.6,9.8,21.62
VJ,-114.6441,34.2485,1165,2018-01,0.46,57,24.6,21.05
VJ,-114.6441,34.2485,1165,2018-02,0.05,56.2,18.7,22.53
VJ,-114.6441,34.2485,1165,2018-03,0.18,61.7,24.5,26.12
VJ,-114.6441,34.2485,1165,2018-04,0,74.1,21.7,43.94
VJ,-114.6441,34.2485,1165,2018-05,0,79.3,28.6,50.52
VJ,-114.6441,34.2485,1165,2018-06,0,89.3,28.4,70.63
VJ,-114.6441,34.2485,1165,2018-07,0.45,96,51.6,67.56
VJ,-114.6441,34.2485,1165,2018-08,0.38,94.3,52.2,65.67
VJ,-114.6441,34.2485,1165,2018-09,0,89.1,40.8,64.22
VJ,-114.6441,34.2485,1165,2018-10,1.08,72.9,42.6,31.6
VJ,-114.6441,34.2485,1165,2018-11,0.07,60.6,20.2,26.27
VJ,-114.6441,34.2485,1165,2018-12,0.56,52.6,29.6,15.41
VJ,-114.6441,34.2485,1165,2019-01,1.66,52.2,30.6,13.89
VJ,-114.6441,34.2485,1165,2019-02,1.42,50.5,29.1,14.11
VJ,-114.6441,34.2485,1165,2019-03,0.65,61.3,30.1,24.38
VJ,-114.6441,34.2485,1165,2019-04,0.2,72.4,30.3,39.47
VJ,-114.6441,34.2485,1165,2019-05,0.06,73.4,35.9,37.29
VJ,-114.6441,34.2485,1165,2019-06,0,87,33.4,64.61
VJ,-114.6441,34.2485,1165,2019-07,0,94.3,42,73.36
VJ,-114.6441,34.2485,1165,2019-08,0.03,94.4,43.4,75
VJ,-114.6441,34.2485,1165,2019-09,0.8,84.9,47.5,55.81
VJ,-114.6441,34.2485,1165,2019-10,0,69.9,19.3,39.7
VJ,-114.6441,34.2485,1165,2019-11,2.23,61.4,22.7,27.68
VJ,-114.6441,34.2485,1165,2019-12,0.94,51.2,35.4,11.11
VJ,-114.6441,34.2485,1165,2020-01,0.03,53.4,29.2,17.29
VJ,-114.6441,34.2485,1165,2020-02,0.51,56.2,22.3,22.34
VJ,-114.6441,34.2485,1165,2020-03,2.57,60,38.6,19.22
VJ,-114.6441,34.2485,1165,2020-04,0.32,69.1,36.4,34.26
VJ,-114.6441,34.2485,1165,2020-05,0,81.8,31,57.08
VJ,-114.6441,34.2485,1165,2020-06,0,87.4,33.2,66.54
VJ,-114.6441,34.2485,1165,2020-07,0,94.6,39.8,79.69
VJ,-114.6441,34.2485,1165,2020-08,0,96.9,48.1,81.59
VJ,-114.6441,34.2485,1165,2020-09,0,88.1,35.8,69.1
VJ,-114.6441,34.2485,1165,2020-10,0,76.4,22.6,52.35
VJ,-114.6441,34.2485,1165,2020-11,0,61.1,21.9,28.89
VJ,-114.6441,34.2485,1165,2020-12,0.05,51.7,15.4,19.22
VJ,-114.6441,34.2485,1165,2021-01,0.76,53.3,26.9,17.11
VJ,-114.6441,34.2485,1165,2021-02,0,57.4,25.1,21.83
VJ,-114.6441,34.2485,1165,2021-03,0.1,60,22.2,25.63
VJ,-114.6441,34.2485,1165,2021-04,0.06,72.8,28.7,40.16
VJ,-114.6441,34.2485,1165,2021-05,0,79.8,30.6,50.94
VJ,-114.6441,34.2485,1165,2021-06,0.13,93.3,39.9,75.87
VJ,-114.6441,34.2485,1165,2021-07,0.49,96.8,58.8,66.45
VJ,-114.6441,34.2485,1165,2021-08,0.37,94.1,55.6,65.71
VJ,-114.6441,34.2485,1165,2021-09,0.08,88.4,49.1,57.38
VJ,-114.6441,34.2485,1165,2021-10,0.16,71.6,35.5,33.32
VJ,-114.6441,34.2485,1165,2021-11,0,66.8,30.2,30.79
VJ,-114.6441,34.2485,1165,2021-12,0.7,54.4,29.7,17.14
VJ,-114.6441,34.2485,1165,2022-01,0.06,53.8,22.1,18.88
VJ,-114.6441,34.2485,1165,2022-02,0.02,56.2,16.5,22.98
VJ,-114.6441,34.2485,1165,2022-03,0.14,64.6,21.1,31.24
VJ,-114.6441,34.2485,1165,2022-04,0,72.7,23.9,40.03
VJ,-114.6441,34.2485,1165,2022-05,0,80.4,29.1,51.29
VJ,-114.6441,34.2485,1165,2022-06,0,91.6,40.7,68.91
VJ,-114.6441,34.2485,1165,2022-07,0.48,95.9,52.7,69.8
VJ,-114.6441,34.2485,1165,2022-08,1.54,93,64.8,56.12
VJ,-114.6441,34.2485,1165,2022-09,0.36,89.9,55.1,55.1
VJ,-114.6441,34.2485,1165,2022-10,0.37,75.9,42.4,38.11
VJ,-114.6441,34.2485,1165,2022-11,0.47,56.7,23.4,20.66
VJ,-114.6441,34.2485,1165,2022-12,0.52,52,30.1,15.02
VJ,-114.6441,34.2485,1165,2023-01,1.47,51.7,32.7,13.01
VJ,-114.6441,34.2485,1165,2023-02,0.33,53.1,22.5,18.05
VJ,-114.6441,34.2485,1165,2023-03,0.96,58.8,32.6,19.58
NE,-114.5904,34.7646,751,2013-10,0,72.7,26.4,37.56
NE,-114.5904,34.7646,751,2013-11,0.79,64.1,32.3,24.11
NE,-114.5904,34.7646,751,2013-12,0,54.6,21.2,17.48
NE,-114.5904,34.7646,751,2014-01,0,59.9,15,24.44
NE,-114.5904,34.7646,751,2014-02,0.05,63.9,22.4,28.37
NE,-114.5904,34.7646,751,2014-03,0,69,21.2,33.98
NE,-114.5904,34.7646,751,2014-04,0.02,75.3,18.7,44.08
NE,-114.5904,34.7646,751,2014-05,0,83.6,20.9,56.35
NE,-114.5904,34.7646,751,2014-06,0,93.2,22,75.66
NE,-114.5904,34.7646,751,2014-07,1.3,97.1,49,73.59
NE,-114.5904,34.7646,751,2014-08,2.11,92.6,54.9,60.6
NE,-114.5904,34.7646,751,2014-09,1.02,90.4,49.1,58.6
NE,-114.5904,34.7646,751,2014-10,0.02,79.6,33.7,44.14
NE,-114.5904,34.7646,751,2014-11,0,65.1,23,27.35
NE,-114.5904,34.7646,751,2014-12,0.72,56.7,33.5,14.44
NE,-114.5904,34.7646,751,2015-01,1.07,57.8,29.6,17.31
NE,-114.5904,34.7646,751,2015-02,0.22,65.3,29.6,28.75
NE,-114.5904,34.7646,751,2015-03,0.78,71.8,30.5,36.59
NE,-114.5904,34.7646,751,2015-04,0.08,73.7,23.3,40.91
NE,-114.5904,34.7646,751,2015-05,0.09,78.7,32.8,43.9
NE,-114.5904,34.7646,751,2015-06,0.13,94.5,31.7,75.5
NE,-114.5904,34.7646,751,2015-07,0.78,94.6,45.3,66.62
NE,-114.5904,34.7646,751,2015-08,0.1,98.8,49.3,81.9
NE,-114.5904,34.7646,751,2015-09,0,92.5,48.3,60.57
NE,-114.5904,34.7646,751,2015-10,0.96,80.3,49.1,39.65
NE,-114.5904,34.7646,751,2015-11,0.07,61.5,25,23.85
NE,-114.5904,34.7646,751,2015-12,0.07,52.7,20.2,16.38
NE,-114.5904,34.7646,751,2016-01,0.68,54.2,28.7,14.84
NE,-114.5904,34.7646,751,2016-02,0.05,64.4,23.1,28.81
NE,-114.5904,34.7646,751,2016-03,0.03,69.9,23.5,36.54
NE,-114.5904,34.7646,751,2016-04,1.11,73.9,32.2,37.97
NE,-114.5904,34.7646,751,2016-05,0.05,80.3,35,46.77
NE,-114.5904,34.7646,751,2016-06,0,96.9,34.9,81.22
NE,-114.5904,34.7646,751,2016-07,0.26,99.1,44.4,80.72
NE,-114.5904,34.7646,751,2016-08,0.44,95.9,56.7,68.86
NE,-114.5904,34.7646,751,2016-09,0.1,88.1,39.1,57.56
NE,-114.5904,34.7646,751,2016-10,0.1,80,41.6,42.47
NE,-114.5904,34.7646,751,2016-11,0.17,67.6,28.7,28.97
NE,-114.5904,34.7646,751,2016-12,1.43,55.4,25.6,15.76
NE,-114.5904,34.7646,751,2017-01,1.18,55.1,34.4,12.31
NE,-114.5904,34.7646,751,2017-02,0.71,63.2,36.2,20.02
NE,-114.5904,34.7646,751,2017-03,0.11,71.3,31.2,36.88
NE,-114.5904,34.7646,751,2017-04,0,75.7,24,42.78
NE,-114.5904,34.7646,751,2017-05,0.2,81.8,27.2,54.4
NE,-114.5904,34.7646,751,2017-06,0,95.8,29.2,84.33
NE,-114.5904,34.7646,751,2017-07,0.07,100.1,54.9,81.02
NE,-114.5904,34.7646,751,2017-08,0.27,97.8,51.4,75.62
NE,-114.5904,34.7646,751,2017-09,0.54,88.2,43.7,55.79
NE,-114.5904,34.7646,751,2017-10,0,78.6,21.2,46.93
NE,-114.5904,34.7646,751,2017-11,0,69.2,32.1,28.04
NE,-114.5904,34.7646,751,2017-12,0,58.7,13.2,21.55
NE,-114.5904,34.7646,751,2018-01,0.51,60.4,25.7,21.08
NE,-114.5904,34.7646,751,2018-02,0.04,60.1,19.9,23.65
NE,-114.5904,34.7646,751,2018-03,0.03,66.1,25.9,28
NE,-114.5904,34.7646,751,2018-04,0,79.2,24.6,49.77
NE,-114.5904,34.7646,751,2018-05,0,84.5,27.2,57.35
NE,-114.5904,34.7646,751,2018-06,0,95.1,29.1,78.9
NE,-114.5904,34.7646,751,2018-07,0.48,99.8,52.6,78.88
NE,-114.5904,34.7646,751,2018-08,0.24,100,56.1,76.05
NE,-114.5904,34.7646,751,2018-09,0,94.5,42.1,73.57
NE,-114.5904,34.7646,751,2018-10,0.76,77,42.4,35.74
NE,-114.5904,34.7646,751,2018-11,0.07,64.6,22,27.02
NE,-114.5904,34.7646,751,2018-12,0.39,55.9,28.5,16.15
NE,-114.5904,34.7646,751,2019-01,1.28,55.3,29.6,14.57
NE,-114.5904,34.7646,751,2019-02,1.22,53.9,29.4,15.09
NE,-114.5904,34.7646,751,2019-03,0.54,65.6,31.1,26.76
NE,-114.5904,34.7646,751,2019-04,0.27,76.6,32.4,43.39
NE,-114.5904,34.7646,751,2019-05,0.16,77.2,37.2,41.51
NE,-114.5904,34.7646,751,2019-06,0,92.1,31.9,71.77
NE,-114.5904,34.7646,751,2019-07,0,98.8,39.8,83.13
NE,-114.5904,34.7646,751,2019-08,0.13,98.7,43.2,81.41
NE,-114.5904,34.7646,751,2019-09,0.58,88.9,46.7,59.6
NE,-114.5904,34.7646,751,2019-10,0,73.5,19.1,40.87
NE,-114.5904,34.7646,751,2019-11,2.23,64.6,25.9,27.41
NE,-114.5904,34.7646,751,2019-12,1,53.4,35.8,11.06
NE,-114.5904,34.7646,751,2020-01,0,55.7,29,17.57
NE,-114.5904,34.7646,751,2020-02,0.61,55.1,22.6,21.92
NE,-114.5904,34.7646,751,2020-03,2.47,62.1,38.9,21.19
NE,-114.5904,34.7646,751,2020-04,0.38,72.6,36.3,37.41
NE,-114.5904,34.7646,751,2020-05,0,86.1,31.9,61.43
NE,-114.5904,34.7646,751,2020-06,0,91,33.9,72.11
NE,-114.5904,34.7646,751,2020-07,0,98.6,36.2,87.16
NE,-114.5904,34.7646,751,2020-08,0,100.8,51.4,87.02
NE,-114.5904,34.7646,751,2020-09,0,91.6,33.3,73.42
NE,-114.5904,34.7646,751,2020-10,0,79,21.3,53.01
NE,-114.5904,34.7646,751,2020-11,0,63.6,25.2,28.62
NE,-114.5904,34.7646,751,2020-12,0.03,55.2,16.1,19.18
NE,-114.5904,34.7646,751,2021-01,0.35,55.2,27.3,17.5
NE,-114.5904,34.7646,751,2021-02,0.03,59.3,22.8,23.53
NE,-114.5904,34.7646,751,2021-03,0.16,62,22.2,27.52
NE,-114.5904,34.7646,751,2021-04,0.08,75.5,28,45.67
NE,-114.5904,34.7646,751,2021-05,0,82.7,32.4,56.86
NE,-114.5904,34.7646,751,2021-06,0.08,94.3,44.5,81.38
NE,-114.5904,34.7646,751,2021-07,0.27,98.3,60.6,74.63
NE,-114.5904,34.7646,751,2021-08,0.31,95.1,56.6,72.73
NE,-114.5904,34.7646,751,2021-09,0.07,90.3,51.3,61.3
NE,-114.5904,34.7646,751,2021-10,0.25,72.8,38.8,33.67
NE,-114.5904,34.7646,751,2021-11,0,68,30.9,31.92
NE,-114.5904,34.7646,751,2021-12,0.46,55.5,29.5,17.54
NE,-114.5904,34.7646,751,2022-01,0.03,55.4,21.3,19.25
NE,-114.5904,34.7646,751,2022-02,0,58.1,16.2,24.17
NE,-114.5904,34.7646,751,2022-03,0.1,66.3,21.7,33.33
NE,-114.5904,34.7646,751,2022-04,0,74.8,26.8,43.67
NE,-114.5904,34.7646,751,2022-05,0,82.3,31.5,55.64
NE,-114.5904,34.7646,751,2022-06,0.04,92.7,44.5,74.45
NE,-114.5904,34.7646,751,2022-07,0.52,97.3,58.3,74.62
NE,-114.5904,34.7646,751,2022-08,1.65,94.1,66.2,61
NE,-114.5904,34.7646,751,2022-09,0.31,90.6,55.6,59.48
NE,-114.5904,34.7646,751,2022-10,0.49,75.9,43.6,40.88
NE,-114.5904,34.7646,751,2022-11,0.91,58.2,25.4,21.15
NE,-114.5904,34.7646,751,2022-12,0.48,53.8,30.2,15.35
NE,-114.5904,34.7646,751,2023-01,1,52.3,33.7,13.12
NE,-114.5904,34.7646,751,2023-02,0.51,54.6,22.1,18.72
NE,-114.5904,34.7646,751,2023-03,1.34,58.7,33.1,20.36
WU,-113.6148,34.7243,2156,2013-10,0.1,64.3,24.6,33.87
WU,-113.6148,34.7243,2156,2013-11,1.04,57.3,28,22.91
WU,-113.6148,34.7243,2156,2013-12,0,48.5,19.3,17.17
WU,-113.6148,34.7243,2156,2014-01,0,52.1,12.9,21.72
WU,-113.6148,34.7243,2156,2014-02,0.06,54.7,20.3,24.38
WU,-113.6148,34.7243,2156,2014-03,0.79,60.2,18.7,27.45
WU,-113.6148,34.7243,2156,2014-04,0.08,64.2,16.5,36.41
WU,-113.6148,34.7243,2156,2014-05,0,72.2,18.6,46.25
WU,-113.6148,34.7243,2156,2014-06,0,81,19.4,64.65
WU,-113.6148,34.7243,2156,2014-07,0.68,88.6,47.9,64.22
WU,-113.6148,34.7243,2156,2014-08,3.46,82.5,51.4,49.08
WU,-113.6148,34.7243,2156,2014-09,2.59,79.9,48.8,46.42
WU,-113.6148,34.7243,2156,2014-10,0.1,70.6,35.1,37.63
WU,-113.6148,34.7243,2156,2014-11,0,57.4,20.7,24.21
WU,-113.6148,34.7243,2156,2014-12,0.91,50.6,30.7,13.39
WU,-113.6148,34.7243,2156,2015-01,1.15,52.1,28.7,15.55
WU,-113.6148,34.7243,2156,2015-02,0.22,58.4,26.9,25.11
WU,-113.6148,34.7243,2156,2015-03,1.77,61.7,27.4,29.11
WU,-113.6148,34.7243,2156,2015-04,0.29,64,18.9,33.95
WU,-113.6148,34.7243,2156,2015-05,0.39,67.8,30.5,35.32
WU,-113.6148,34.7243,2156,2015-06,0.25,83.7,32.8,63.15
WU,-113.6148,34.7243,2156,2015-07,0.84,85.5,45.6,55.32
WU,-113.6148,34.7243,2156,2015-08,0.59,88.4,49.7,62.13
WU,-113.6148,34.7243,2156,2015-09,0.56,83.2,47.8,51.13
WU,-113.6148,34.7243,2156,2015-10,1.91,72.1,43.7,33.89
WU,-113.6148,34.7243,2156,2015-11,0.16,53.8,22.8,20.87
WU,-113.6148,34.7243,2156,2015-12,0.33,45.9,18,14.94
WU,-113.6148,34.7243,2156,2016-01,1.49,48.8,25.4,14.41
WU,-113.6148,34.7243,2156,2016-02,0.16,58.1,19.6,27.69
WU,-113.6148,34.7243,2156,2016-03,0.05,61.1,19.4,29.79
WU,-113.6148,34.7243,2156,2016-04,0.33,64.3,25.4,32.48
WU,-113.6148,34.7243,2156,2016-05,0.49,70,30.2,39.28
WU,-113.6148,34.7243,2156,2016-06,0.03,86.6,30.6,69.52
WU,-113.6148,34.7243,2156,2016-07,0.8,89.6,43.8,67.56
WU,-113.6148,34.7243,2156,2016-08,2.67,85.4,52.6,53.85
WU,-113.6148,34.7243,2156,2016-09,0.48,78.3,39.7,46.18
WU,-113.6148,34.7243,2156,2016-10,0.15,71.8,35.4,39.53
WU,-113.6148,34.7243,2156,2016-11,0.49,60.5,27.4,26.3
WU,-113.6148,34.7243,2156,2016-12,3.66,49.5,25.6,14.1
WU,-113.6148,34.7243,2156,2017-01,2.08,49.7,30.5,12.09
WU,-113.6148,34.7243,2156,2017-02,1.34,54.7,32.3,17.4
WU,-113.6148,34.7243,2156,2017-03,0.14,61.5,28.2,30.72
WU,-113.6148,34.7243,2156,2017-04,0.01,65.7,22.1,35.61
WU,-113.6148,34.7243,2156,2017-05,0.18,71.1,25.7,43.67
WU,-113.6148,34.7243,2156,2017-06,0,85.3,26.9,69.42
WU,-113.6148,34.7243,2156,2017-07,1.2,89.6,50.9,64.32
WU,-113.6148,34.7243,2156,2017-08,1.04,86.7,49.1,59.69
WU,-113.6148,34.7243,2156,2017-09,1.31,78,41.3,47.46
WU,-113.6148,34.7243,2156,2017-10,0,70.6,22.4,41.3
WU,-113.6148,34.7243,2156,2017-11,0,62,27.1,27.84
WU,-113.6148,34.7243,2156,2017-12,0,52.9,9.4,20.32
WU,-113.6148,34.7243,2156,2018-01,0.61,55.4,21.3,21.5
WU,-113.6148,34.7243,2156,2018-02,0.25,52.6,18.1,20.35
WU,-113.6148,34.7243,2156,2018-03,0.56,57.2,22.5,23.26
WU,-113.6148,34.7243,2156,2018-04,0,69.2,17.4,41.11
WU,-113.6148,34.7243,2156,2018-05,0.06,74.1,24.1,47.83
WU,-113.6148,34.7243,2156,2018-06,0,83.8,25.9,64.98
WU,-113.6148,34.7243,2156,2018-07,2.22,89.2,50.8,61.08
WU,-113.6148,34.7243,2156,2018-08,1.01,87.5,52.8,58.9
WU,-113.6148,34.7243,2156,2018-09,0.22,82.6,40.3,58.42
WU,-113.6148,34.7243,2156,2018-10,1.22,67.9,41.1,27.52
WU,-113.6148,34.7243,2156,2018-11,0,57.3,18.4,24.71
WU,-113.6148,34.7243,2156,2018-12,0.23,50.5,23.9,16.49
WU,-113.6148,34.7243,2156,2019-01,3.01,50.5,26.5,14.05
WU,-113.6148,34.7243,2156,2019-02,3.16,46.1,25.4,12.76
WU,-113.6148,34.7243,2156,2019-03,0.75,57.9,27.7,23.33
WU,-113.6148,34.7243,2156,2019-04,0.51,66.9,28.7,35.26
WU,-113.6148,34.7243,2156,2019-05,0.41,67.4,32.6,33.55
WU,-113.6148,34.7243,2156,2019-06,0,80.7,28.2,58.78
WU,-113.6148,34.7243,2156,2019-07,0.05,89.1,39.2,68.48
WU,-113.6148,34.7243,2156,2019-08,0.25,89.2,43.8,66.88
WU,-113.6148,34.7243,2156,2019-09,0.92,81.2,44.1,50.54
WU,-113.6148,34.7243,2156,2019-10,0,65.3,18.6,36.07
WU,-113.6148,34.7243,2156,2019-11,3.48,59.7,21.7,26.15
WU,-113.6148,34.7243,2156,2019-12,1.06,48.4,30.7,11.23
WU,-113.6148,34.7243,2156,2020-01,0.02,50,26,16.09
WU,-113.6148,34.7243,2156,2020-02,0.46,50.9,20.6,19.5
WU,-113.6148,34.7243,2156,2020-03,3.12,54.9,34.2,17.44
WU,-113.6148,34.7243,2156,2020-04,0.23,63.7,31.5,32.03
WU,-113.6148,34.7243,2156,2020-05,0,76.2,26.9,52.68
WU,-113.6148,34.7243,2156,2020-06,0,82,26.8,62.29
WU,-113.6148,34.7243,2156,2020-07,0.01,89.7,38.8,72.54
WU,-113.6148,34.7243,2156,2020-08,0.21,91,44.7,77.5
WU,-113.6148,34.7243,2156,2020-09,0,83.5,34.4,64.2
WU,-113.6148,34.7243,2156,2020-10,0,72.8,21.9,49.14
WU,-113.6148,34.7243,2156,2020-11,0.21,58.6,22.2,27.13
WU,-113.6148,34.7243,2156,2020-12,0,48.8,13.7,18.03
WU,-113.6148,34.7243,2156,2021-01,1.47,48.8,21,16.37
WU,-113.6148,34.7243,2156,2021-02,0.06,52.4,19.8,20.31
WU,-113.6148,34.7243,2156,2021-03,0.7,54.8,20.7,23
WU,-113.6148,34.7243,2156,2021-04,0.14,66.7,20.6,38.04
WU,-113.6148,34.7243,2156,2021-05,0,74,22.9,48.81
WU,-113.6148,34.7243,2156,2021-06,0.35,86.7,32.4,71.67
WU,-113.6148,34.7243,2156,2021-07,1.83,89.8,56.9,59.74
WU,-113.6148,34.7243,2156,2021-08,0.93,89,53.3,67.17
WU,-113.6148,34.7243,2156,2021-09,0.43,83,47,56.18
WU,-113.6148,34.7243,2156,2021-10,0.35,66.2,33.1,31.59
WU,-113.6148,34.7243,2156,2021-11,0,62.1,24.3,30.37
WU,-113.6148,34.7243,2156,2021-12,1.27,51.1,26.4,16.93
WU,-113.6148,34.7243,2156,2022-01,0.09,51.4,20.5,18.7
WU,-113.6148,34.7243,2156,2022-02,0.18,51,12.6,20.99
WU,-113.6148,34.7243,2156,2022-03,0.55,59.6,18.1,28.38
WU,-113.6148,34.7243,2156,2022-04,0,66.7,19.3,38.03
WU,-113.6148,34.7243,2156,2022-05,0,74.8,22.6,50.2
WU,-113.6148,34.7243,2156,2022-06,0,83.8,34.8,64.47
WU,-113.6148,34.7243,2156,2022-07,1.29,89.2,52,61.89
WU,-113.6148,34.7243,2156,2022-08,2.02,86.8,62.3,49.13
WU,-113.6148,34.7243,2156,2022-09,0.84,83.5,52.4,50
WU,-113.6148,34.7243,2156,2022-10,0.89,69.6,38.4,34.76
WU,-113.6148,34.7243,2156,2022-11,0.68,53.1,21.5,19.94
WU,-113.6148,34.7243,2156,2022-12,0.58,48.7,28.1,14.2
WU,-113.6148,34.7243,2156,2023-01,3.05,47.5,29.6,12.06
WU,-113.6148,34.7243,2156,2023-02,1.01,48,21.6,16.18
WU,-113.6148,34.7243,2156,2023-03,3.05,51.4,30.2,16.37
TA,-113.1023,34.28,2799,2013-10,0.2,66.5,22.6,30.64
TA,-113.1023,34.28,2799,2013-11,2.13,58.7,29.4,20.14
TA,-113.1023,34.28,2799,2013-12,0.47,49.6,20.2,15.09
TA,-113.1023,34.28,2799,2014-01,0,55,13.3,21.1
TA,-113.1023,34.28,2799,2014-02,0,56.9,21.3,21.47
TA,-113.1023,34.28,2799,2014-03,1.18,60.6,19.4,24.65
TA,-113.1023,34.28,2799,2014-04,0.08,65.1,16.8,31.98
TA,-113.1023,34.28,2799,2014-05,0,72.7,19.1,41.25
TA,-113.1023,34.28,2799,2014-06,0,83.2,20.2,57.56
TA,-113.1023,34.28,2799,2014-07,1.17,87.2,47.7,53.9
TA,-113.1023,34.28,2799,2014-08,3.17,82.2,51,42.5
TA,-113.1023,34.28,2799,2014-09,2.12,80.3,49,40.36
TA,-113.1023,34.28,2799,2014-10,0.31,72.9,35.5,33.97
TA,-113.1023,34.28,2799,2014-11,0,59.6,20.6,22.58
TA,-113.1023,34.28,2799,2014-12,1.7,51.3,31.6,12.1
TA,-113.1023,34.28,2799,2015-01,1.65,52.1,28.6,14.69
TA,-113.1023,34.28,2799,2015-02,0.58,58.8,27.3,21.8
TA,-113.1023,34.28,2799,2015-03,2.05,62.1,27.3,25.47
TA,-113.1023,34.28,2799,2015-04,0.3,63.9,19.9,29.82
TA,-113.1023,34.28,2799,2015-05,0.88,67.7,31.8,30.9
TA,-113.1023,34.28,2799,2015-06,0.31,84.9,33.9,57.48
TA,-113.1023,34.28,2799,2015-07,2.6,84,45.7,47.88
TA,-113.1023,34.28,2799,2015-08,0.96,87.3,50,53.61
TA,-113.1023,34.28,2799,2015-09,0.64,81.9,48.6,43.1
TA,-113.1023,34.28,2799,2015-10,2.09,72.2,43,29.13
TA,-113.1023,34.28,2799,2015-11,0.38,54.9,24.4,18.58
TA,-113.1023,34.28,2799,2015-12,0.41,48.6,17.9,14.49
TA,-113.1023,34.28,2799,2016-01,1.72,49.7,24.9,13.13
TA,-113.1023,34.28,2799,2016-02,0.29,58.3,18.9,24.42
TA,-113.1023,34.28,2799,2016-03,0.07,61.8,19.1,27.46
TA,-113.1023,34.28,2799,2016-04,0.49,65.4,25,29.49
TA,-113.1023,34.28,2799,2016-05,0.67,70.3,31,34.66
TA,-113.1023,34.28,2799,2016-06,0.15,86.6,33.1,61.68
TA,-113.1023,34.28,2799,2016-07,0.86,88.9,45.4,58.74
TA,-113.1023,34.28,2799,2016-08,2.39,84.5,53.3,45.65
TA,-113.1023,34.28,2799,2016-09,0.8,78.3,40.9,40.08
TA,-113.1023,34.28,2799,2016-10,0.23,74.5,36.5,35.43
TA,-113.1023,34.28,2799,2016-11,0.93,61.5,28.8,23.31
TA,-113.1023,34.28,2799,2016-12,2.79,51.5,27.5,13.69
TA,-113.1023,34.28,2799,2017-01,2.4,48.7,30.8,10.14
TA,-113.1023,34.28,2799,2017-02,2.35,55.2,33.1,14.91
TA,-113.1023,34.28,2799,2017-03,0.62,62.3,28.8,25.82
TA,-113.1023,34.28,2799,2017-04,0.08,66.1,22.4,31.97
TA,-113.1023,34.28,2799,2017-05,0.26,72,26.5,39.39
TA,-113.1023,34.28,2799,2017-06,0,86,27.7,63.41
TA,-113.1023,34.28,2799,2017-07,3.14,88,51.3,53.46
TA,-113.1023,34.28,2799,2017-08,0.76,86.4,48.8,51.46
TA,-113.1023,34.28,2799,2017-09,0.65,79,40.1,42.76
TA,-113.1023,34.28,2799,2017-10,0,74.1,22.5,39.23
TA,-113.1023,34.28,2799,2017-11,0,64.8,28.7,25.38
TA,-113.1023,34.28,2799,2017-12,0,55.8,9,20.89
TA,-113.1023,34.28,2799,2018-01,0.96,56.2,19.4,19.84
TA,-113.1023,34.28,2799,2018-02,0.13,53.4,19.2,18.2
TA,-113.1023,34.28,2799,2018-03,0.47,58,21.4,21.51
TA,-113.1023,34.28,2799,2018-04,0,70,18,36.82
TA,-113.1023,34.28,2799,2018-05,0.05,74.2,24.9,42.01
TA,-113.1023,34.28,2799,2018-06,0.42,83.5,26,57.63
TA,-113.1023,34.28,2799,2018-07,1.71,88.2,50.8,53.49
TA,-113.1023,34.28,2799,2018-08,1.28,86.6,53.2,49.44
TA,-113.1023,34.28,2799,2018-09,0.01,83.7,40.9,50.56
TA,-113.1023,34.28,2799,2018-10,2.19,67.8,42.8,22.68
TA,-113.1023,34.28,2799,2018-11,0.34,58.9,18.6,22.14
TA,-113.1023,34.28,2799,2018-12,0.15,52,22.2,15.1
TA,-113.1023,34.28,2799,2019-01,3.18,50.3,26.2,13.16
TA,-113.1023,34.28,2799,2019-02,3.62,46.6,25.5,11.13
TA,-113.1023,34.28,2799,2019-03,1.17,57.2,28.5,19.03
TA,-113.1023,34.28,2799,2019-04,0.26,66.6,28.3,31.02
TA,-113.1023,34.28,2799,2019-05,0.55,66.1,32.8,28.42
TA,-113.1023,34.28,2799,2019-06,0,81.9,29.3,52.06
TA,-113.1023,34.28,2799,2019-07,0.09,88,41.3,58.25
TA,-113.1023,34.28,2799,2019-08,0.15,88.6,46.5,56.94
TA,-113.1023,34.28,2799,2019-09,1.4,79.7,46.9,41.01
TA,-113.1023,34.28,2799,2019-10,0,68.2,21.4,32.06
TA,-113.1023,34.28,2799,2019-11,3.56,59.9,25,22.64
TA,-113.1023,34.28,2799,2019-12,2.05,49.1,30.2,10.51
TA,-113.1023,34.28,2799,2020-01,0.04,51.1,26.3,14.54
TA,-113.1023,34.28,2799,2020-02,1.01,52.2,22.3,16.78
TA,-113.1023,34.28,2799,2020-03,4.28,54.5,34.9,14.09
TA,-113.1023,34.28,2799,2020-04,0.18,64.1,31.5,27.75
TA,-113.1023,34.28,2799,2020-05,0.02,76.5,28.4,45.93
TA,-113.1023,34.28,2799,2020-06,0,82.7,28.5,54.93
TA,-113.1023,34.28,2799,2020-07,0.1,89.5,41.5,61.99
TA,-113.1023,34.28,2799,2020-08,0.44,91.1,46.2,64.15
TA,-113.1023,34.28,2799,2020-09,0,83.8,37.4,53.86
TA,-113.1023,34.28,2799,2020-10,0,76,24.3,43.8
TA,-113.1023,34.28,2799,2020-11,0.08,61.5,23.2,25.94
TA,-113.1023,34.28,2799,2020-12,0.13,51.6,13.8,17.41
TA,-113.1023,34.28,2799,2021-01,2.24,50.2,20.4,15.31
TA,-113.1023,34.28,2799,2021-02,0,54,19.7,18.48
TA,-113.1023,34.28,2799,2021-03,0.46,55.5,21.2,20.64
TA,-113.1023,34.28,2799,2021-04,0.19,68,20.2,34.23
TA,-113.1023,34.28,2799,2021-05,0,74.5,22,42.33
TA,-113.1023,34.28,2799,2021-06,0.16,87.5,31.9,63.07
TA,-113.1023,34.28,2799,2021-07,2.42,87.4,57.6,49.05
TA,-113.1023,34.28,2799,2021-08,0.97,86.3,55.2,48.81
TA,-113.1023,34.28,2799,2021-09,0.25,82.2,48.8,44.06
TA,-113.1023,34.28,2799,2021-10,0.6,66.3,34.1,27.05
TA,-113.1023,34.28,2799,2021-11,0,64.9,24.9,28.65
TA,-113.1023,34.28,2799,2021-12,2.48,52.8,28,15.46
TA,-113.1023,34.28,2799,2022-01,0.28,51.7,21.5,16.44
TA,-113.1023,34.28,2799,2022-02,0.32,52.3,13.1,19.21
TA,-113.1023,34.28,2799,2022-03,0.54,59,17.4,25.23
TA,-113.1023,34.28,2799,2022-04,0,67,18.2,33.44
TA,-113.1023,34.28,2799,2022-05,0,74.1,22.2,42.03
TA,-113.1023,34.28,2799,2022-06,0.68,85.1,35.9,55.79
TA,-113.1023,34.28,2799,2022-07,1.61,88.2,53.5,51.08
TA,-113.1023,34.28,2799,2022-08,2.34,84.4,63.5,38.53
TA,-113.1023,34.28,2799,2022-09,1.99,82.4,54.6,40.31
TA,-113.1023,34.28,2799,2022-10,1.39,69.9,41.2,27.72
TA,-113.1023,34.28,2799,2022-11,0.57,53.5,22.8,17.14
TA,-113.1023,34.28,2799,2022-12,1.17,50.4,30,12.65
TA,-113.1023,34.28,2799,2023-01,3.31,47.9,30.1,10.56
TA,-113.1023,34.28,2799,2023-02,0.99,49,23.1,14.11
TA,-113.1023,34.28,2799,2023-03,3.2,52.3,31.1,14.12
LP,-112.3161,33.8352,1801,2013-10,0.1,69.6,28.5,34.4
LP,-112.3161,33.8352,1801,2013-11,2.02,63,34.5,22.61
LP,-112.3161,33.8352,1801,2013-12,0.7,52.9,26.7,16.91
LP,-112.3161,33.8352,1801,2014-01,0,57.3,21.7,22.35
LP,-112.3161,33.8352,1801,2014-02,0,60.1,26.4,23.02
LP,-112.3161,33.8352,1801,2014-03,1.44,64.2,27.6,27.02
LP,-112.3161,33.8352,1801,2014-04,0,69.6,21.1,36.38
LP,-112.3161,33.8352,1801,2014-05,0,76.7,22.8,45.47
LP,-112.3161,33.8352,1801,2014-06,0,86.5,26.8,62.7
LP,-112.3161,33.8352,1801,2014-07,0.62,91.2,51.6,59.26
LP,-112.3161,33.8352,1801,2014-08,3.76,86.2,56.1,47.46
LP,-112.3161,33.8352,1801,2014-09,3.25,84.2,55.5,43.41
LP,-112.3161,33.8352,1801,2014-10,0.5,75.4,43.8,36.22
LP,-112.3161,33.8352,1801,2014-11,0,63.2,25.5,25.62
LP,-112.3161,33.8352,1801,2014-12,1.64,55,35,13.89
LP,-112.3161,33.8352,1801,2015-01,1.32,55.7,32.6,17.1
LP,-112.3161,33.8352,1801,2015-02,0.21,61.9,35.5,22.93
LP,-112.3161,33.8352,1801,2015-03,1.36,67.6,33,30.33
LP,-112.3161,33.8352,1801,2015-04,0.47,68.5,24.1,33.79
LP,-112.3161,33.8352,1801,2015-05,1.02,72.6,34.9,35.92
LP,-112.3161,33.8352,1801,2015-06,0.38,88.8,39.3,62.97
LP,-112.3161,33.8352,1801,2015-07,0.67,88.8,50.8,54.63
LP,-112.3161,33.8352,1801,2015-08,0.69,91.8,55.3,59.76
LP,-112.3161,33.8352,1801,2015-09,0.48,85.7,54,47.43
LP,-112.3161,33.8352,1801,2015-10,2.58,74.9,48.2,32.96
LP,-112.3161,33.8352,1801,2015-11,1.02,58.9,29.9,21.29
LP,-112.3161,33.8352,1801,2015-12,0.35,51.9,22.5,16.15
LP,-112.3161,33.8352,1801,2016-01,2.75,52.7,28.8,14.94
LP,-112.3161,33.8352,1801,2016-02,0.28,60.5,22.8,27.96
LP,-112.3161,33.8352,1801,2016-03,0,65.9,22.5,32.69
LP,-112.3161,33.8352,1801,2016-04,0.53,69.8,27.2,34.59
LP,-112.3161,33.8352,1801,2016-05,0.37,74.3,32.4,40.49
LP,-112.3161,33.8352,1801,2016-06,0.07,90.1,36,68.55
LP,-112.3161,33.8352,1801,2016-07,0.3,93,49.7,66.01
LP,-112.3161,33.8352,1801,2016-08,2.43,88,55.5,52.03
LP,-112.3161,33.8352,1801,2016-09,0.43,82.7,45.7,45.52
LP,-112.3161,33.8352,1801,2016-10,0.08,77.2,38.6,40.96
LP,-112.3161,33.8352,1801,2016-11,1.39,65.1,33.9,25.91
LP,-112.3161,33.8352,1801,2016-12,3.34,56.2,33.1,16.1
LP,-112.3161,33.8352,1801,2017-01,2.46,52.9,35.5,12.77
LP,-112.3161,33.8352,1801,2017-02,3.44,59,36.6,17.97
LP,-112.3161,33.8352,1801,2017-03,0.53,66,32.9,31.52
LP,-112.3161,33.8352,1801,2017-04,0,70.3,23.4,38.73
LP,-112.3161,33.8352,1801,2017-05,0.11,76.5,28.6,47.53
LP,-112.3161,33.8352,1801,2017-06,0,88.9,31.8,69.3
LP,-112.3161,33.8352,1801,2017-07,1.4,91.6,55.1,60.89
LP,-112.3161,33.8352,1801,2017-08,0.77,89.9,52.3,58.63
LP,-112.3161,33.8352,1801,2017-09,0.04,83.2,41.9,50.5
LP,-112.3161,33.8352,1801,2017-10,0,76.1,27.9,43.79
LP,-112.3161,33.8352,1801,2017-11,0,68.6,32,29.41
LP,-112.3161,33.8352,1801,2017-12,0.07,58.4,17,23.04
LP,-112.3161,33.8352,1801,2018-01,0.91,59.1,22.9,23.66
LP,-112.3161,33.8352,1801,2018-02,0.76,56.9,24,21.16
LP,-112.3161,33.8352,1801,2018-03,0.4,62.3,24.7,27
LP,-112.3161,33.8352,1801,2018-04,0,73.4,20.2,42.17
LP,-112.3161,33.8352,1801,2018-05,0.05,77.7,26.5,48.44
LP,-112.3161,33.8352,1801,2018-06,0.12,86.2,30.4,62.73
LP,-112.3161,33.8352,1801,2018-07,1.95,91.4,53.9,59.68
LP,-112.3161,33.8352,1801,2018-08,1.23,89.2,57.4,52.65
LP,-112.3161,33.8352,1801,2018-09,0.06,86.6,47.5,53.94
LP,-112.3161,33.8352,1801,2018-10,4.33,69.5,50,22.4
LP,-112.3161,33.8352,1801,2018-11,0.31,59.4,26.9,22.6
LP,-112.3161,33.8352,1801,2018-12,0.27,53.1,29.8,15.17
LP,-112.3161,33.8352,1801,2019-01,1.85,52.2,31.4,14.43
LP,-112.3161,33.8352,1801,2019-02,4.13,49.6,30.9,12.44
LP,-112.3161,33.8352,1801,2019-03,0.84,59.9,32.4,22.1
LP,-112.3161,33.8352,1801,2019-04,0.2,69.2,30.8,35.28
LP,-112.3161,33.8352,1801,2019-05,0.28,70,34.9,32.98
LP,-112.3161,33.8352,1801,2019-06,0,84.6,32.8,59.14
LP,-112.3161,33.8352,1801,2019-07,0.71,91.8,45.7,66.79
LP,-112.3161,33.8352,1801,2019-08,0.42,91.8,52.1,63.4
LP,-112.3161,33.8352,1801,2019-09,3.28,83.9,52.9,45.74
LP,-112.3161,33.8352,1801,2019-10,0,70.6,28.4,36.32
LP,-112.3161,33.8352,1801,2019-11,3.42,62.6,32.6,24.68
LP,-112.3161,33.8352,1801,2019-12,2.28,52.2,34.8,12.2
LP,-112.3161,33.8352,1801,2020-01,0.04,53,32.6,15.66
LP,-112.3161,33.8352,1801,2020-02,2.08,54.2,29.2,17.87
LP,-112.3161,33.8352,1801,2020-03,4.08,58.7,39.4,17.19
LP,-112.3161,33.8352,1801,2020-04,0.05,67.5,33.1,32.97
LP,-112.3161,33.8352,1801,2020-05,0.02,80.9,31.2,51.99
LP,-112.3161,33.8352,1801,2020-06,0,86.5,30.6,63.15
LP,-112.3161,33.8352,1801,2020-07,0,93.3,46.8,68.89
LP,-112.3161,33.8352,1801,2020-08,1.62,95.8,48.7,72.76
LP,-112.3161,33.8352,1801,2020-09,0,86.9,39.9,58.99
LP,-112.3161,33.8352,1801,2020-10,0,77.4,27.2,48.58
LP,-112.3161,33.8352,1801,2020-11,0.17,64.7,25.5,29.75
LP,-112.3161,33.8352,1801,2020-12,0.68,53.9,17.2,19.21
LP,-112.3161,33.8352,1801,2021-01,1.65,53.4,23.9,17.25
LP,-112.3161,33.8352,1801,2021-02,0,56.5,23.2,21.29
LP,-112.3161,33.8352,1801,2021-03,0.26,60,24.5,23.9
LP,-112.3161,33.8352,1801,2021-04,0,72.4,23.7,39.43
LP,-112.3161,33.8352,1801,2021-05,0,77.9,24.8,47.79
LP,-112.3161,33.8352,1801,2021-06,0.05,90.5,35.2,69
LP,-112.3161,33.8352,1801,2021-07,4.02,89.9,61,51.58
LP,-112.3161,33.8352,1801,2021-08,1.87,88.9,58.6,51.35
LP,-112.3161,33.8352,1801,2021-09,0.89,85.6,53.2,48.93
LP,-112.3161,33.8352,1801,2021-10,0.33,70.9,36.2,31.67
LP,-112.3161,33.8352,1801,2021-11,0,67.7,28,31.64
LP,-112.3161,33.8352,1801,2021-12,2.15,56,31.7,17.4
LP,-112.3161,33.8352,1801,2022-01,0.14,55.3,26.9,18.13
LP,-112.3161,33.8352,1801,2022-02,0.52,55.5,17.2,21.52
LP,-112.3161,33.8352,1801,2022-03,0.32,62.6,20.9,28.57
LP,-112.3161,33.8352,1801,2022-04,0,71.2,19.6,39.16
LP,-112.3161,33.8352,1801,2022-05,0,78,22.8,48.8
LP,-112.3161,33.8352,1801,2022-06,0.39,88.2,39,61.99
LP,-112.3161,33.8352,1801,2022-07,1.52,93.3,57.3,59.75
LP,-112.3161,33.8352,1801,2022-08,2.34,89.8,65.3,46.58
LP,-112.3161,33.8352,1801,2022-09,1.15,88.1,57.7,47.83
LP,-112.3161,33.8352,1801,2022-10,1.32,75.8,45.3,32.56
LP,-112.3161,33.8352,1801,2022-11,0.29,60.4,28.6,20.09
LP,-112.3161,33.8352,1801,2022-12,1.74,55.5,36.9,13.24
LP,-112.3161,33.8352,1801,2023-01,1.98,52.7,35.4,11.69
LP,-112.3161,33.8352,1801,2023-02,0.9,55.5,28.6,16.65
LP,-112.3161,33.8352,1801,2023-03,2.54,58.1,36.4,16.92
WP,-111.8333,33.8489,3068,2013-10,0.08,65.6,24.8,29.82
WP,-111.8333,33.8489,3068,2013-11,2.32,58.4,29.8,19.06
WP,-111.8333,33.8489,3068,2013-12,0.57,48.7,22.3,13.78
WP,-111.8333,33.8489,3068,2014-01,0,53.9,15.5,19.46
WP,-111.8333,33.8489,3068,2014-02,0,57.2,22.5,20.45
WP,-111.8333,33.8489,3068,2014-03,2.22,59.3,22.3,22.47
WP,-111.8333,33.8489,3068,2014-04,0.04,64.7,17.6,30.31
WP,-111.8333,33.8489,3068,2014-05,0,71.8,19.4,39.33
WP,-111.8333,33.8489,3068,2014-06,0,82.3,22,55.13
WP,-111.8333,33.8489,3068,2014-07,0.82,86,48.7,51.23
WP,-111.8333,33.8489,3068,2014-08,3.87,81.9,51.2,41.88
WP,-111.8333,33.8489,3068,2014-09,3.07,79.3,50.3,37.54
WP,-111.8333,33.8489,3068,2014-10,0.4,73.4,37.7,34.69
WP,-111.8333,33.8489,3068,2014-11,0,60.2,21.4,22.46
WP,-111.8333,33.8489,3068,2014-12,1.44,52.2,31.9,11.62
WP,-111.8333,33.8489,3068,2015-01,2.01,52.3,29.1,14.3
WP,-111.8333,33.8489,3068,2015-02,0.09,57.1,29,18.65
WP,-111.8333,33.8489,3068,2015-03,1.54,63.9,28.7,26.02
WP,-111.8333,33.8489,3068,2015-04,0.57,63.3,21,28.22
WP,-111.8333,33.8489,3068,2015-05,1.89,69.1,31.7,33.21
WP,-111.8333,33.8489,3068,2015-06,0.44,84.2,36.6,53.6
WP,-111.8333,33.8489,3068,2015-07,0.35,84.4,48.2,46.72
WP,-111.8333,33.8489,3068,2015-08,0.86,88.2,51.1,56.4
WP,-111.8333,33.8489,3068,2015-09,0.38,82.8,49.4,45.58
WP,-111.8333,33.8489,3068,2015-10,1.5,72.6,43.3,30.42
WP,-111.8333,33.8489,3068,2015-11,0.64,56,26,18.28
WP,-111.8333,33.8489,3068,2015-12,0.48,48.9,20.4,13.82
WP,-111.8333,33.8489,3068,2016-01,2.26,48.9,24.7,12.47
WP,-111.8333,33.8489,3068,2016-02,0.45,59,19.1,24.5
WP,-111.8333,33.8489,3068,2016-03,0,62.2,19.3,28.25
WP,-111.8333,33.8489,3068,2016-04,0.32,66,24,31.68
WP,-111.8333,33.8489,3068,2016-05,0.1,71.4,29,37.21
WP,-111.8333,33.8489,3068,2016-06,0.18,87,32.7,63.32
WP,-111.8333,33.8489,3068,2016-07,0.38,89,46.3,60.63
WP,-111.8333,33.8489,3068,2016-08,2.62,84.7,52.7,49.02
WP,-111.8333,33.8489,3068,2016-09,0.25,80.6,41.4,45.25
WP,-111.8333,33.8489,3068,2016-10,0.32,75.5,35.4,37.92
WP,-111.8333,33.8489,3068,2016-11,0.97,62.4,29.4,22.65
WP,-111.8333,33.8489,3068,2016-12,2.26,51.2,30.2,12
WP,-111.8333,33.8489,3068,2017-01,4.93,49.3,31.6,9.81
WP,-111.8333,33.8489,3068,2017-02,2.89,55.7,32.7,14.58
WP,-111.8333,33.8489,3068,2017-03,0.6,62.9,28.9,25.81
WP,-111.8333,33.8489,3068,2017-04,0,65.7,21.4,30.6
WP,-111.8333,33.8489,3068,2017-05,0.14,72.3,26.2,39.06
WP,-111.8333,33.8489,3068,2017-06,0,86.8,28.2,66.01
WP,-111.8333,33.8489,3068,2017-07,1.45,87.6,51.5,54.01
WP,-111.8333,33.8489,3068,2017-08,0.5,86.5,48.4,53.2
WP,-111.8333,33.8489,3068,2017-09,0.06,80.4,38,46.33
WP,-111.8333,33.8489,3068,2017-10,0,74.7,23.4,39.64
WP,-111.8333,33.8489,3068,2017-11,0,66,27.9,25.52
WP,-111.8333,33.8489,3068,2017-12,0.24,56.1,11.9,20.12
WP,-111.8333,33.8489,3068,2018-01,0.69,57.2,19,20.48
WP,-111.8333,33.8489,3068,2018-02,0.71,54.1,20.1,18.15
WP,-111.8333,33.8489,3068,2018-03,0.14,58.9,21.4,21.94
WP,-111.8333,33.8489,3068,2018-04,0,70.1,16.3,36.96
WP,-111.8333,33.8489,3068,2018-05,0.24,73.5,22.4,40.6
WP,-111.8333,33.8489,3068,2018-06,0.12,84.2,25.7,58.8
WP,-111.8333,33.8489,3068,2018-07,2.16,86.5,50.4,51.09
WP,-111.8333,33.8489,3068,2018-08,1.48,85.2,53.6,48.37
WP,-111.8333,33.8489,3068,2018-09,0.11,82.7,42,46.52
WP,-111.8333,33.8489,3068,2018-10,6.83,67.2,44.4,21.98
WP,-111.8333,33.8489,3068,2018-11,0.34,57.7,21.7,19.86
WP,-111.8333,33.8489,3068,2018-12,0.09,51.2,25.6,13.26
WP,-111.8333,33.8489,3068,2019-01,1.72,50.6,26.3,13.58
WP,-111.8333,33.8489,3068,2019-02,4.54,46.9,26.5,10.66
WP,-111.8333,33.8489,3068,2019-03,1.21,57,29.2,17.92
WP,-111.8333,33.8489,3068,2019-04,0.2,66.5,28.6,30.44
WP,-111.8333,33.8489,3068,2019-05,0.47,67.1,32.9,29.66
WP,-111.8333,33.8489,3068,2019-06,0,81.8,30.5,53.18
WP,-111.8333,33.8489,3068,2019-07,0.73,88,42.8,57.73
WP,-111.8333,33.8489,3068,2019-08,0.56,87.6,48,52.88
WP,-111.8333,33.8489,3068,2019-09,2.35,79.9,48.1,40
WP,-111.8333,33.8489,3068,2019-10,0,69.6,24.3,33.26
WP,-111.8333,33.8489,3068,2019-11,3.29,61.1,27.8,22.72
WP,-111.8333,33.8489,3068,2019-12,1.86,50.7,31,11.07
WP,-111.8333,33.8489,3068,2020-01,0.13,50.8,27.2,13.55
WP,-111.8333,33.8489,3068,2020-02,2.6,52.2,24.2,16.02
WP,-111.8333,33.8489,3068,2020-03,3.58,55.3,34.9,14.39
WP,-111.8333,33.8489,3068,2020-04,0.15,66.2,30.4,31.43
WP,-111.8333,33.8489,3068,2020-05,0.05,75.7,28.6,46.37
WP,-111.8333,33.8489,3068,2020-06,0,83.8,28.3,59.31
WP,-111.8333,33.8489,3068,2020-07,0.51,88.4,44.5,61.98
WP,-111.8333,33.8489,3068,2020-08,0.71,89.8,49,61.26
WP,-111.8333,33.8489,3068,2020-09,0,84.9,39,50.3
WP,-111.8333,33.8489,3068,2020-10,0,76.4,24.6,44.32
WP,-111.8333,33.8489,3068,2020-11,0.07,67.4,23.6,28.27
WP,-111.8333,33.8489,3068,2020-12,0.59,52.8,13.9,17.62
WP,-111.8333,33.8489,3068,2021-01,1.83,53.9,20.8,15.9
WP,-111.8333,33.8489,3068,2021-02,0.02,54.2,20.7,17.5
WP,-111.8333,33.8489,3068,2021-03,0.43,58.6,21.4,23
WP,-111.8333,33.8489,3068,2021-04,0.05,68.6,21.4,33.96
WP,-111.8333,33.8489,3068,2021-05,0.09,71.8,21.7,42.68
WP,-111.8333,33.8489,3068,2021-06,0.09,87.6,32.3,58.92
WP,-111.8333,33.8489,3068,2021-07,4.02,83.6,59.7,42.19
WP,-111.8333,33.8489,3068,2021-08,3.99,81.9,58.2,39.86
WP,-111.8333,33.8489,3068,2021-09,1.83,80.8,51.2,40.07
WP,-111.8333,33.8489,3068,2021-10,0.47,68,33.9,26.75
WP,-111.8333,33.8489,3068,2021-11,0,68.4,26.3,26.73
WP,-111.8333,33.8489,3068,2021-12,2.98,55.3,29.8,14.53
WP,-111.8333,33.8489,3068,2022-01,0.45,54.9,23.4,16.11
WP,-111.8333,33.8489,3068,2022-02,0.76,54.4,15,19.11
WP,-111.8333,33.8489,3068,2022-03,0.52,60.6,18.7,23.27
WP,-111.8333,33.8489,3068,2022-04,0,67.9,18.6,32.65
WP,-111.8333,33.8489,3068,2022-05,0,76,21.1,44.31
WP,-111.8333,33.8489,3068,2022-06,0.17,86.9,37.4,58.19
WP,-111.8333,33.8489,3068,2022-07,1.84,88.1,54.8,49.17
WP,-111.8333,33.8489,3068,2022-08,3.04,84.4,61.9,37.58
WP,-111.8333,33.8489,3068,2022-09,0.62,83.2,53.5,40.65
WP,-111.8333,33.8489,3068,2022-10,1.12,70.6,40.6,27.29
WP,-111.8333,33.8489,3068,2022-11,0.37,55.7,25.2,16.8
WP,-111.8333,33.8489,3068,2022-12,2.11,51.8,33.1,11.54
WP,-111.8333,33.8489,3068,2023-01,2.15,48.6,30.3,9.88
WP,-111.8333,33.8489,3068,2023-02,1.37,50.8,25.1,13.16
WP,-111.8333,33.8489,3068,2023-03,3.14,53.3,31.9,13.51